120.3,5.3333,0.00099779,38.111
108.84,1.3333,0.0021915,44.625
107.38,2.3333,0,26
108.84,2.3333,0.1858,26
112.68,1,0.24481,32.4
114.29,1,0.1897,37.167
115.11,0.66667,0.20663,37.333
113.48,0.66667,0.21329,34
113.48,0.66667,0.13258,26.25
115.11,0.33333,0.070108,34
115.11,0.66667,0.099713,38.833
114.29,1,0.11426,42.429
113.48,2.6667,0.1514,48.143
111.89,2,0.15521,49.4
107.38,2.3333,0.12632,44.25
107.38,6.6667,0.041511,33
112.68,6.6667,0.010834,37.25
124.03,2.6667,0.032582,49
117.65,1.6667,0.046839,40.5
116.79,1.3333,0.08593,25.5
113.48,0.66667,0.13908,25
113.48,2,0.14203,30.6
111.89,3,0.093509,27
108.84,2.6667,0.10961,26.4
105.26,1.3333,0.09837,26.6
103.23,0.33333,0.10532,27.4
102.56,0.66667,0.13638,28.714
102.56,2,0.074258,33.667
101.27,3,0.11752,38.125
103.9,1.6667,0.14628,43.625
107.38,0,0.14656,44.75
107.38,0,0.22787,48.625
107.38,0.33333,0.34618,46.714
107.38,0.66667,0.18742,39.571
108.11,2.6667,0.18863,39.857
108.84,3.3333,0.096088,38.714
114.29,1,0.080594,46.778
116.79,0,0.075148,44.818
116.79,0,0.061029,42
116.79,0.33333,0.081423,42.182
116.79,1.3333,0.079034,44.143
115.94,6.3333,0.12793,44
118.52,5.6667,0.00026425,33.667
105.96,0.33333,0,23
106.67,0.66667,0.067873,35.4
106.67,1.3333,0.06286,32.375
105.26,2,0.057473,31
103.9,9.6667,0.050529,30.111
101.27,2,0.057473,31
120.3,9.6667,0.050529,30.111
99.379,5,0.024708,48.667
99.379,5.6667,0.10648,50.833
109.59,1,0.11056,35.857
108.11,1,0.10614,33
107.38,1,0.091833,34.667
105.96,0.66667,0.097266,33.625
105.26,1.6667,0.079141,34.222
105.96,2.3333,0.10223,34.667
108.84,1.6667,0.1215,33.6
111.11,0.66667,0.11101,38.222
112.68,5.6667,0.16693,42.571
112.68,8,0.12929,50.25
100.63,2.6667,0.12621,31.333
105.26,7.6667,0.10461,29.714
105.96,8,0.058048,26.2
92.486,4,0.053762,22.75
91.429,3.3333,0.073057,24.25
96.97,0.33333,0.028164,31.833
96.97,1.3333,0.033719,31.625
97.561,1.6667,0.03604,32.667
99.379,1,0.042863,34
100.63,0.33333,0.051365,33.875
101.27,0,0.052955,34.125
101.27,0,0.047658,34
101.27,0.33333,0.040545,33.625
101.27,0.66667,0.044872,33.75
100.63,1.3333,0.043025,34
100,1.6667,0.043364,34.125
98.16,5.6667,0.03379,34.875
96.97,6.3333,0.029348,35.333
88.889,10.333,0.025408,36
90.909,9.3333,0.021174,55.333
107.38,6.3333,0,32
106.67,6.3333,0.13234,35.667
95.238,1.6667,0.12285,29.5
95.808,3.6667,0.096095,31
93.567,2.3333,0.038089,32.714
89.888,3.6667,0.042396,32.571
89.888,4.6667,0.06967,30.857
84.656,1.6667,0,26
86.022,1,0.040357,26
86.957,0.33333,0.00076164,26
87.432,0.33333,0.024023,26.333
87.432,1.6667,0.035278,26.5
86.957,2.3333,0,27
85.106,12,0.0026452,45.667
86.486,11,0.001861,43.846
105.26,0,0.002542,48.727
105.26,9.6667,0.0025528,32.667
105.26,13.333,0.0041597,61.6
88.398,3.6667,0.034947,25
94.118,6,0.031342,42.2
94.118,6,0.039971,38.333
105.26,8.3333,0.008128,39
105.26,8.3333,0.020606,37
90.395,1,0.017918,42.333
90.395,1.3333,0.099494,25
91.954,0.66667,0.067266,31
92.486,0.33333,0.028374,34.2
93.023,0.66667,0.03267,35
93.023,2,0.033102,37
91.954,1.6667,0.028868,37.75
89.888,0.66667,0.027137,37.75
90.395,1,0.017705,38.5
89.888,0.66667,0.033376,39.714
88.889,0.33333,0.043783,37.286
88.889,0.33333,0.042565,38.143
89.385,0,0.044537,37.429
89.385,0,0.048881,40.778
89.385,0.33333,0.013145,36
89.385,0.33333,0.015618,36.625
88.889,0,0.019199,38.875
88.889,0,0.01986,39.875
88.889,0,0.019199,38.875
88.889,0,0.01986,39.875
112.68,0.66667,0.062414,31.333
111.89,2.6667,0.062438,31.333
112.68,6.6667,0.062385,31.333
107.38,5,0.02967,31
98.765,1.3333,0.031806,53.667
100,2.3333,0,22
101.27,2.6667,0.10045,31.25
104.58,2.6667,0.082977,22.8
106.67,2,0.069765,22.857
110.34,1,0.066417,23.375
111.11,0.66667,0.065475,24.444
112.68,0.66667,0.037646,26.8
112.68,0.66667,0.031477,28.8
114.29,0.33333,0.035898,29.25
114.29,5.6667,0.084758,32
113.48,6,0.096073,40
101.91,2.6667,0.17573,23.5
103.23,4.3333,0.06437,35.667
107.38,3,0.067833,32.75
112.68,1.3333,0.065722,32.75
114.29,2.3333,0.063901,25.667
115.94,2.6667,0.02801,39
120.3,1.3333,0,25
117.65,0.66667,0.080392,38.25
116.79,0.66667,0.052537,35.857
115.94,0.33333,0.075446,33
115.11,0,0.023067,30.636
115.11,0,0.031256,27.667
115.11,0.66667,0.02862,29.75
115.11,1.6667,0.023686,34
113.48,3,0.068217,35
111.11,2.3333,0.057418,33.833
106.67,0.66667,0.029875,34.25
105.96,1,0.041758,31.778
105.26,2,0.035546,29.125
103.9,10,0.049875,31
101.27,8.6667,0.041964,31.5
121.21,1.6667,0.037933,64.5
121.21,2,0.021049,42.6
116.79,0.33333,0.05549,44
117.65,0.33333,0.061578,29.667
117.65,0.33333,0.062826,27.5
118.52,1,0.16175,25.75
118.52,1,0.123,31
121.21,0,0.1274,38.4
121.21,0.33333,0.13023,37.625
121.21,1,0.12635,41
120.3,2,0.12332,40.571
118.52,1.6667,0.12897,40
115.11,1,0.14997,33.25
114.29,1.3333,0.12179,21.8
112.68,1.3333,0.12523,21
111.11,2,0.16843,20.833
109.59,6.3333,0.16919,21.5
106.67,5,0.094547,36.667
118.52,6.3333,0.012293,46.5
118.52,7,0.14604,25
103.9,1,0.10569,25
102.56,0.33333,0.14894,26
101.91,0,0.088814,28.4
101.91,1,0.13658,43.286
101.91,1,0.12394,45
103.9,0.33333,0.037863,41.667
103.9,1.6667,0.029694,38.333
104.58,1.3333,0.037439,43
107.38,2,0,26
107.38,4.6667,0.069794,26
103.23,5,0.093514,26
98.16,2.6667,0.096065,26
102.56,1.6667,0,23
101.91,10.333,0.046593,23
99.379,10,0.05354,22.667
119.4,2.6667,0.082932,33.4
116.79,2.3333,0.087741,30.143
112.68,0.66667,0.076911,30.667
111.11,0.33333,0.079256,22.333
111.11,0.33333,0.14054,27
110.34,0,0.1707,27.889
110.34,0.33333,0.12023,22
110.34,0.66667,0.11273,22
109.59,1.3333,0.085124,22
108.84,7,0.085638,22.333
106.67,6,0.075392,22.2
121.21,3,0,23
121.21,10.333,0.0042107,32
113.48,9,0,29
98.16,1.6667,0.1265,28
101.27,1.6667,0.055774,26.333
101.27,1.6667,0.10813,25.333
98.16,0,0.072906,38.333
98.16,0,0.079113,33.625
98.16,3.3333,0.037129,35.143
98.16,7.3333,0.049534,38.333
104.58,4.6667,0,21
113.48,1.3333,0.071916,36.333
115.11,4.6667,0,21
113.48,1.3333,0.071916,36.333
124.03,6,0.13914,28.875
136.75,2,0.0016133,32
144.14,0.66667,0.12622,37.2
144.14,1.6667,0.051946,33
146.79,1,0.060461,32.2
150.94,0,0.062301,32.545
150.94,0.33333,0.060541,30.273
150.94,0.66667,0.085586,29.917
149.53,0.33333,0.066019,30.417
148.15,0.33333,0.081076,30.833
148.15,0.66667,0.051409,31.909
146.79,0.66667,0.064218,32.5
145.45,0.33333,0.034767,35.5
146.79,0.33333,0.039494,36.5
146.79,0.66667,0.047906,36.818
145.45,1,0.021649,35
144.14,1.3333,0.059149,38.545
141.59,1,0.047885,36.5
139.13,0.66667,0.08386,36
137.93,1,0.064693,38.273
136.75,1.3333,0.065336,35.727
134.45,2,0.067106,36.6
132.23,3,0.069638,35.889
128,3,0.082947,33.75
133.33,5,0.02111,34.667
137.93,4.3333,0.011418,28.444
125.98,0.66667,0.28186,36.7
128,0.33333,0.25461,33.556
128,0.33333,0.22855,29
126.98,0.33333,0.251,33.25
126.98,5.6667,0.17965,36
125.98,9.3333,0.097119,36
144.14,6,0.0010349,38.5
130.08,3.6667,0.0056288,32.333
136.75,2.6667,0.066305,32.333
142.86,1.3333,0.051456,33
139.13,0.66667,0.07664,29.8
137.93,0.66667,0.10321,29.375
139.13,0.66667,0.081276,29.818
140.35,0.66667,0.084921,31.3
141.59,0.33333,0.089872,30.083
142.86,0,0.089092,29.091
142.86,0.33333,0.065279,30.2
142.86,1,0.067331,29.286
141.59,0.66667,0.061085,28.75
144.14,2,0.070278,29
144.14,2,0.070278,29
136.75,0,0.081094,32
136.75,0,0,20
136.75,0.33333,0,20
136.75,0.66667,0.070036,22
135.59,1,0.059324,20.667
136.75,2,0.073626,27.5
139.13,2,0.14168,27.667
134.45,4.3333,0,29
136.75,2,0.14168,27.667
125,4.3333,0,29
100.63,5.6667,0.00094213,41.667
110.34,1.6667,0.013815,23
112.68,1.3333,0.052347,41.4
111.11,1,0.070514,28.429
109.59,1.6667,0.087709,28.143
108.84,1.6667,0.043524,21
105.96,0.33333,0.048854,26.5
105.26,0.66667,0.061263,31.143
105.26,2.6667,0.06599,32.833
106.67,4,0.03413,44.222
111.11,3,0.031966,41.8
115.94,1.6667,0.034047,38.455
118.52,1.6667,0.089574,40.6
120.3,1.6667,0.062408,36.556
123.08,0.66667,0.032589,36.1
125,1,0.016163,34.545
125,1.6667,0.085077,35.4
122.14,1.3333,0.082603,37.444
120.3,1.6667,0.079832,35.5
118.52,2.3333,0.076249,35
115.94,2.3333,0.06006,33.571
112.68,2.3333,0.033028,35.333
115.11,2,0.039839,37.111
118.52,1,0.031304,31.375
120.3,1,0.045755,33.111
119.4,1.6667,0.046036,38.7
117.65,4,0.059886,39.375
115.11,3,0.047509,46.2
108.11,5,0.039882,45
108.11,5,0.012115,46.667
120.3,0.66667,0,25
120.3,1,0.019271,40.25
118.52,0.66667,0.049613,32.333
117.65,0.33333,0.060888,29.667
116.79,0.33333,0.073737,30.833
116.79,0.33333,0.06305,31.111
115.94,0.33333,0.058324,33.4
115.94,1,0.051991,29.5
116.79,1.3333,0.039163,33
118.52,1.3333,0.034133,33.714
120.3,1.3333,0.028726,32.333
122.14,1.3333,0.030165,32.933
124.03,0.66667,0.053907,33.4
125.98,0.66667,0.039142,31.438
125.98,1.6667,0.098899,27.75
124.03,2,0.089203,27.25
121.21,2,0.06741,25.5
118.52,2,0.053136,42.889
115.94,2,0.04282,47
113.48,1.3333,0.038577,41.667
111.11,1,0.028826,42.917
110.34,1.3333,0.022249,45.667
111.89,1,0.03741,48.333
113.48,0.33333,0.046309,45.75
114.29,0,0.065812,39.167
114.29,0.33333,0.089467,29.5
114.29,0.33333,0.071605,27.333
113.48,0.33333,0.096869,29.286
113.48,1,0.10557,30.875
112.68,1.6667,0.12238,32.889
111.11,2,0.10528,33.143
108.84,2.3333,0.097756,31.833
106.67,2.6667,0.082009,34.6
103.9,1.3333,0.066096,37.75
101.27,6.6667,0.035626,36.667
101.27,15,0.051988,45
115.94,8.6667,0.024736,47.667
98.16,0.66667,0.0073276,21.333
98.765,1,0.081303,32.25
98.16,1.3333,0.080507,32.25
99.379,1.6667,0.054811,35.333
100.63,3.3333,0.035834,40
102.56,2.6667,0.033326,44.8
98.16,0.33333,0.027143,44.571
98.765,1,0.034253,42.125
98.765,7.3333,0.03432,38.5
96.97,7.3333,0.031779,37.5
109.59,1.6667,0,25
107.38,1.3333,0.014313,33
105.96,4.6667,0.040287,41.75
104.58,15,0.050549,38.8
96.97,16.667,0.077098,48.6
121.21,7.3333,0.0065854,33.8
107.38,2.6667,0.091594,24
111.11,2,0.076043,22.333
113.48,1.6667,0.10481,23.857
115.94,1,0.10784,26.875
117.65,0.66667,0.1342,27.1
118.52,0.33333,0.13914,27.167
119.4,0,0.14542,25.8
119.4,6,0.14339,25.429
119.4,12.667,0.14687,23.167
105.26,16.333,0.030671,28.667
121.21,9.6667,0.0023787,43
99.379,1,0.0025534,38.75
99.379,2.6667,0.0038027,30.25
101.27,1.6667,0.016385,24
104.58,0,0.014658,23
104.58,0.33333,0.0074823,22.75
104.58,0.66667,0.015156,22.5
103.9,0.33333,0.013072,22.75
103.23,0,0.022803,23.25
103.23,0.33333,0.034791,24.25
103.23,0.66667,0.029711,25.5
103.9,0.33333,0.027531,26.25
104.58,0.33333,0.1485,36.2
104.58,0.66667,0.15397,36.6
103.9,1.3333,0.15788,42.667
103.23,7,0.064386,44.2
101.27,6.3333,0.02665,40.333
114.29,3.3333,0,25
113.48,7.6667,0.044109,36.667
106.67,4.6667,0.054032,34
97.561,1.3333,0.054114,34
97.561,3,0.060967,36.333
100,2,0.01915,35.25
103.23,1,0.03979,28
103.9,3.3333,0.092339,24
105.26,11,0.068605,23.5
100,8.6667,0.092707,31.25
118.52,0.33333,0.020876,53
117.65,5,0,23
117.65,0.33333,0.020876,53
105.96,5,0,23
112.68,7.3333,0.042631,43.6
115.94,6.3333,0.042332,30.833
102.56,0.66667,0.061577,29
103.23,1.3333,0.028023,34.167
103.9,2.6667,0.048214,37.444
105.96,1.6667,0.10373,35
109.59,0.33333,0.098099,40.5
109.59,1.3333,0.088838,43.25
110.34,1,0.059607,39.571
112.68,0.33333,0.060555,35
112.68,0.33333,0.078151,39.429
111.89,0.33333,0.10564,38.714
111.89,0.33333,0.096106,42.778
111.11,0,0.10252,41
111.11,0.33333,0.076204,35
111.11,0.66667,0.10226,31.375
110.34,1.3333,0.10996,31.75
111.11,1.3333,0.099513,22.143
113.48,1,0.035565,24.5
114.29,1,0.013203,27
112.68,0.66667,0.015809,26.75
111.89,1.6667,0.014722,26.25
111.11,3.3333,0.037254,26
108.11,4.3333,0.041893,26
103.9,4.6667,0.06971,25
99.379,13.667,0.032748,24
95.238,12.333,0,21
119.4,2.6667,0.11472,18.667
122.14,3,0.050381,35.875
117.65,2.3333,0.040163,31
114.29,1.6667,0.036389,33.889
111.89,1,0.043956,33.111
110.34,1.3333,0.048074,31.889
109.59,1.3333,0.040906,31.429
107.38,1.6667,0.043296,29.167
106.67,3,0.029901,26.2
109.59,6.6667,0.030321,23.25
105.96,9.6667,0.051615,22
96.386,7,0.051684,21.75
105.26,2.6667,0.031042,22.5
100.63,1.3333,0.032472,22.5
100,1.3333,0.037033,24
101.91,0.66667,0.022222,24.75
102.56,0.33333,0.044042,41
101.91,0.33333,0.031855,34.8
101.91,1,0.029848,25.5
101.27,5.3333,0.057223,25
102.56,5.6667,0.069755,25
112.68,1.6667,0.023866,36.333
115.11,4,0.03628,34.25
116.79,4.6667,0.042085,32.6
108.84,2,0.045327,26.5
105.96,1.3333,0.032028,27
104.58,1.3333,0.02293,27
103.23,8,0.049041,42.167
101.91,7.3333,0.039185,38.5
118.52,0.33333,0,25
118.52,11.333,0.055265,37
119.4,11.667,0.093403,34.25
95.808,6.3333,0.095071,34
96.97,6,0.10178,34.75
108.11,0.33333,0.079971,36.2
107.38,0,0.082785,42.167
107.38,0.33333,0.074655,46.429
107.38,0.66667,0.081025,49.625
106.67,0.66667,0.072821,46.857
105.96,1,0.070286,46.286
105.26,1.3333,0.05103,41.667
103.9,0.66667,0.050598,35
102.56,3.3333,0.049104,37.25
102.56,7.6667,0.031423,40.667
109.59,5,0.022755,46
120.3,5,0,54
122.14,5,0.055661,36
111.11,1,0.053746,33
109.59,6.3333,0.054223,33
108.84,9.6667,0.074663,36.667
96.97,5.3333,0.10433,27.25
103.9,1.6667,0.076154,27.75
107.38,0.66667,0.037062,27.25
107.38,1,0.032278,27.25
105.96,0.33333,0.017309,27.5
105.26,0.33333,0.029543,28.6
105.26,0.33333,0.043517,39.25
104.58,0.33333,0.028276,33.5
104.58,0.66667,0.016256,26.429
103.9,0.66667,0.035229,28.4
103.23,1,0.033643,27.5
102.56,1,0.031237,33.8
103.9,0.66667,0.038519,34.4
104.58,1,0.051647,41.667
105.26,1.3333,0.045771,25
106.67,1.3333,0.03345,34.8
105.26,1.3333,0.073473,41
103.9,1,0.027929,32.8
102.56,0.66667,0.02999,22.8
101.91,0.66667,0.034037,29.875
101.27,3,0.027076,30.125
100.63,3.3333,0.033509,34.333
95.808,0.66667,0.01878,40
94.675,0.33333,0.020093,43.167
94.675,1,0.020012,54.222
95.238,0.66667,0.027748,57.7
96.386,0.33333,0.022355,59.5
96.386,1.6667,0.016028,53.125
96.97,1.6667,0.015355,55.714
99.379,1,0.017587,46
100,1,0.014442,38.6
101.27,0.33333,0.023364,24
100.63,0,0.020522,23.5
100.63,0,0.010119,23.333
100.63,4.6667,0.022233,22.75
100.63,5,0.019006,22.75
110.34,8.6667,0.039003,22.25
111.11,8.6667,0.038745,22.25
94.675,2,0.074147,21.75
95.238,4.3333,0.084141,22.25
98.16,3,0.072238,23
103.23,0.66667,0.049303,23
102.56,3.3333,0.10283,42.6
101.91,3,0.067369,25.5
108.11,1.3333,0.035362,34.25
108.11,4.6667,0.035421,42
111.11,7.6667,0.050042,38.8
119.4,7,0.044363,28
108.84,2.6667,0.0041414,46.143
115.11,0,0,26
115.11,10,0.048865,26
115.11,10.667,0.047106,26
94.675,0.66667,0.047107,26
95.808,0.33333,0,25
95.808,0.33333,0.011392,43.667
96.386,2,0.019177,45.8
96.386,5.6667,0.0095374,49.8
100,3.6667,0.0015114,47.333
107.38,0.66667,0.013251,41.333
107.38,2,0.0081618,35.75
105.96,2,0.011306,32.833
103.23,1,0.012774,31
101.91,1,0.015138,33.667
101.27,1,0.033909,35.9
100,0.66667,0.013144,32
99.379,1.3333,0.010883,35.2
100,1.3333,0.027033,34.3
101.91,0.33333,0.028653,33.3
102.56,0,0.056982,37.75
102.56,0,0.042452,34.75
102.56,0.33333,0.016193,32.333
102.56,0.33333,0.031367,35.385
103.23,0,0.061489,37.615
103.23,0.33333,0.064328,41.077
103.23,1.3333,0.022594,32.375
102.56,1.3333,0.020497,32.167
104.58,0.66667,0.023243,37.75
105.26,6,0.02551,43.778
104.58,6.3333,0.027392,46.182
117.65,1,0.020917,35.333
119.4,5.6667,0.036183,53
118.52,5.6667,0.0461,43
105.96,1,0.029628,43.111
106.67,1,0.022672,37.455
105.26,0.66667,0.015077,29.5
104.58,0.66667,0.018525,26.125
103.9,1,0.027247,26.3
103.23,0.66667,0.024065,23
101.91,4.3333,0.015655,22.5
101.91,4.6667,0,23
111.11,0.33333,0.074295,35.333
111.89,0.33333,0.062667,22
111.89,0.33333,0.032074,28.75
111.11,0.66667,0.065389,27.2
111.11,6.6667,0.030347,36
112.68,6,0.037153,35.875
100,5.6667,0.023749,28.375
100,5.6667,0.021491,28.625
111.89,0.66667,0.011552,27.778
111.89,6.6667,0.0072974,28
110.34,6.3333,0.0088549,29.4
98.16,1.6667,0.060733,25.333
97.561,2.6667,0.015605,37.333
100,1.3333,0.023121,41.5
102.56,0,0.045085,49.5
102.56,2,0.0036104,58
102.56,2.3333,0.0086496,53.333
98.765,1,0,25
99.379,1.6667,0.022434,25.5
100.63,1.3333,0.015006,25.667
102.56,0.33333,0.02884,26
101.91,1,0.024105,26.333
101.91,7,0.034672,26.5
103.9,10,0.025825,27
93.023,9.3333,0,28
100,5.3333,0.0069002,41.667
111.11,4.3333,0.0045836,47.444
111.11,9,0.0028661,55
122.14,5.3333,0,44
110.34,2.6667,0,26
108.84,2.6667,0.026298,25.5
104.58,0.66667,0.04177,25.333
105.96,1,0.041115,25
105.96,1.6667,0.034846,24.5
103.9,0.66667,0.022482,24.25
102.56,0,0.023718,24.25
102.56,2,0.021285,24.75
102.56,7,0.029352,25.25
98.765,2,0.021285,24.75
108.84,7,0.029352,25.25
124.03,1.6667,0.066006,36
122.14,2.6667,0.12362,40.143
119.4,3.6667,0.11321,42.333
115.11,10.333,0.20702,43.5
110.34,9.3333,0.091065,47
133.33,1,0.073711,27.5
130.08,0.66667,0.099863,27
130.08,1.3333,0.17372,26.75
132.23,1,0.11614,28.4
134.45,0.66667,0.16702,26.667
135.59,0.33333,0.12733,30.25
136.75,0,0.10465,31.6
136.75,0.33333,0.10481,32.364
136.75,0.66667,0.089265,34.5
135.59,0.66667,0.11441,33.455
136.75,0.66667,0.13638,33.818
137.93,1,0.14664,33.091
136.75,1.6667,0.1616,32
134.45,1.3333,0.16643,32.571
131.15,0.33333,0.14617,28.8
130.08,0.33333,0.19442,28.8
130.08,0.66667,0.12287,32.833
129.03,0.66667,0.14278,35.182
128,1,0.16237,37.417
126.98,1.3333,0.14873,30.75
125,1.6667,0.10566,29.556
123.08,2.3333,0.20152,31.444
120.3,3.6667,0.2499,30.333
116.79,5.3333,0.13279,35.25
123.08,5.3333,0.00097658,32
115.11,6.3333,0.12872,24
109.59,4,0.12601,24
119.4,0.33333,0.22087,33.25
119.4,1.6667,0.17263,34.857
120.3,1.3333,0.14818,35.667
124.03,0,0.19603,35.111
124.03,0.33333,0.24468,39
124.03,0.33333,0.18663,41.6
123.08,0.66667,0.21619,35.111
123.08,2.3333,0.21182,33.143
121.21,2,0.19849,29.4
116.79,0.33333,0.21355,32.5
117.65,0.66667,0.18417,31.167
117.65,1.3333,0.31135,35.857
115.94,1.3333,0.34581,33.333
114.29,1,0.39698,29.111
112.68,1,0.32947,24.667
111.89,1,0.27769,24.5
110.34,0.33333,0.32026,29.333
109.59,5.3333,0.30301,29.667
109.59,10,0.097813,27.5
123.08,7,0,28
111.11,4,0.10691,29.5
116.79,3,0.085472,27.2
121.21,3.3333,0.091814,23.625
125,3,0.11511,29.375
131.15,1.6667,0.079603,34.375
134.45,2.6667,0.10671,35.625
136.75,3,0.099088,36.4
130.08,1.3333,0.025875,33.25
133.33,0.66667,0,24
134.45,0.66667,0.082639,40.75
133.33,0.66667,0.10845,28.6
132.23,0.33333,0.10241,35.25
133.33,0,0.087644,39.5
133.33,0.33333,0.08093,38.8
133.33,0.66667,0.072042,37.727
134.45,0.66667,0.085641,41.818
135.59,0.33333,0.092967,39
136.75,0,0.098929,37
136.75,0,0.1031,38.6
136.75,0,0.084339,35.2
136.75,0,0.10756,36.727
136.75,0,0.098899,38.4
136.75,0.33333,0.087717,37.182
136.75,0.66667,0.077223,36.889
137.93,6,0.063472,32
136.75,8.3333,0.064143,33
119.4,8.6667,0.029632,39.333
126.98,6,0.15587,22
111.11,4.3333,0.22677,44
111.11,5,0.11328,23.5
122.14,0.66667,0.011022,43.5
124.03,4.3333,0,22
124.03,4.3333,0,60
112.68,6.6667,0.0025145,43.5
112.68,7.3333,0.00049459,50.833
131.15,2,0.012259,41.333
133.33,8.6667,0.01037,33.25
129.03,7.3333,0.1112,26
109.59,3.6667,0.1552,28.6
109.59,6.3333,0.00262,32.833
118.52,3.6667,0.18039,40.6
111.89,6.3333,0.00262,32.833
109.59,3.6667,0.18039,40.6
164.95,1.3333,0.074511,46
163.27,1.6667,0.068338,43.25
158.42,2,0.072955,44.5
155.34,2.3333,0.071401,45.429
149.53,3.3333,0.07342,45
145.45,4.3333,0.040011,51.667
155.34,2.6667,0.0072274,19.5
164.95,1.3333,0.13499,29.429
161.62,2.3333,0.04215,28.923
158.42,3.6667,0.042581,31.333
150.94,2.6667,0.052933,33.545
142.86,0.66667,0.12041,33.25
145.45,2.6667,0.039502,36.5
145.45,2.6667,0.024766,39.8
156.86,0.33333,0.1298,29.889
156.86,0.66667,0.12521,31.083
155.34,0.66667,0.14765,29.667
153.85,1.3333,0.14285,29.9
152.38,1,0.16296,29.6
156.86,0,0.14332,29.444
156.86,0,0.23209,29.091
156.86,0.33333,0.20078,29.5
156.86,0.66667,0.19244,29.769
155.34,1,0.12034,30.917
153.85,1,0.080469,32.167
150.94,0.66667,0.058744,32.833
149.53,0.33333,0.03264,35.25
148.15,0.33333,0.069181,36.75
148.15,0.33333,0.027118,38.917
149.53,2.3333,0.05622,42.636
149.53,2.3333,0.032655,41.8
160,0.33333,0.060681,36.143
160,0.33333,0.023803,36.833
161.62,0.66667,0.13717,38.714
161.62,1,0.01579,36.167
164.95,0.33333,0.14296,38.143
166.67,1,0.039312,35.571
166.67,2,0.065817,46.143
161.62,1.3333,0.10102,47.286
156.86,0.66667,0.017871,37.5
155.34,0.66667,0.038347,33.25
153.85,1,0.034346,35.545
152.38,1.3333,0.02779,35.091
149.53,1,0.0564,37.556
146.79,1.3333,0.023844,40.167
145.45,1.6667,0.042496,43.429
141.59,1.3333,0.094269,47.667
139.13,0.66667,0.10654,45.75
141.59,4.3333,0.14088,48.333
141.59,6,0.034901,44.5
160,1.6667,0,46
152.38,1.3333,0.058844,43
152.38,3.3333,0.026377,36.333
146.79,2.3333,0.025745,40.4
139.13,2.3333,0.038814,40.857
137.93,2.3333,0.11354,21.5
145.45,0.66667,0.14434,32.667
144.14,1,0.13468,33.333
142.86,1,0.17158,33.667
140.35,0.66667,0.1311,35.182
139.13,0.33333,0.14478,35.182
137.93,0,0.12899,37.455
137.93,0.33333,0.13783,37.917
137.93,0.66667,0.12434,38.273
139.13,0.33333,0.13783,37.917
137.93,0.66667,0.12434,38.273
168.42,1.6667,0.048074,37.6
161.62,1,0.05297,33.444
160,0.66667,0.082272,34.833
163.27,0,0.073313,31.385
163.27,0,0.099649,31.462
163.27,1,0.12687,30.364
163.27,2.6667,0.092049,30
158.42,2.6667,0.076408,31.25
166.67,1.6667,0.087118,43.75
161.62,1.6667,0.086283,42.4
158.42,1.3333,0.11793,44.667
153.85,0.33333,0.049336,40.714
152.38,0.33333,0.016435,44.143
170.21,4.3333,0.010374,24.375
197.53,2,0.011608,26.857
197.53,2,0.010488,28.375
183.91,1.6667,0.015831,27.75
183.91,2.6667,0.015426,27.5
173.91,1,0.041835,31.4
179.78,2,0.023182,26.5
179.78,2,0.016289,26
192.77,1.3333,0.013909,26.167
192.77,3.3333,0.035335,25.571
183.91,6.3333,0.025798,25.6
197.53,5.3333,0.016507,18
170.21,2,0.018363,20.75
175.82,1.3333,0.021658,20
181.82,0.33333,0.013839,21
183.91,0.33333,0.019648,24
183.91,2,0.018261,24.714
186.05,1.6667,0.039195,24.667
197.53,1.6667,0.011915,22.5
197.53,2,0.013571,22.571
186.05,0.33333,0.032647,22.5
183.91,0.33333,0.038969,21.875
183.91,0.66667,0.023366,21.286
181.82,0.33333,0.038969,21.875
179.78,0.66667,0.023366,21.286
200,0,0.023312,19
200,0.66667,0.04176,20.4
200,1,0.041764,20.4
195.12,0.33333,0.038579,27.6
197.53,0.33333,0.031187,27.286
197.53,0.33333,0.015511,26.875
195.12,1.6667,0.020633,26.625
195.12,1.6667,0.027098,28.571
207.79,0.66667,0.016805,27.375
207.79,1.3333,0.025323,27.556
213.33,0.66667,0.023808,27.5
219.18,2.6667,0.0061752,32.333
219.18,3,0.0060937,31
197.53,0.66667,0.08607,22
195.12,3,0.020535,31.75
197.53,5.3333,0.0047457,22.125
219.18,3,0.018505,18.5
197.53,0.33333,0.017864,19.643
195.12,0.33333,0.015503,20.133
195.12,0.33333,0.018007,20.438
197.53,0,0.026716,20.375
197.53,0.33333,0.042237,20.438
197.53,0,0.026716,20.375
195.12,0.33333,0.042237,20.438
285.71,1,0.017668,26
280.7,1,0.016954,25
271.19,1,0.02236,25.8
266.67,1,0.011479,19.417
258.06,2,0.0094213,18.167
262.3,2.3333,0.022004,28.7
285.71,1,0.01029,20.083
275.86,0.66667,0.022477,19
271.19,1,0.0262,19
266.67,1.6667,0.0076427,18.833
275.86,1,0.0010575,18.778
262.3,0,0.027747,23.286
262.3,0,0.015634,23.333
262.3,0.33333,0.0063662,25.6
262.3,0.33333,0.0051509,24.5
258.06,0.33333,0.0063662,25.6
258.06,0.33333,0.0051509,24.5
250,1,0.031907,23
258.06,1,0.022466,21
262.3,0.66667,0.012328,18.7
253.97,1.6667,0.0057963,17
253.97,2.3333,0.0064496,18.5
235.29,1,0.0038773,20.5
242.42,0.66667,0.0071674,20.2
246.15,0.33333,0.0088846,20
250,0.33333,0.0025505,19.8
250,0.66667,0.0091536,19.455
253.97,0.66667,0.0077113,19.455
258.06,0.33333,0.0063674,19
262.3,1.3333,0.0084212,19.222
262.3,2.3333,0.02188,19.2
246.15,1.3333,0.031002,21.5
258.06,1.3333,0.025855,19.2
262.3,1.6667,0.028012,18
250,0.66667,0.014033,28.714
242.42,0,0.011476,24.857
242.42,0.66667,0.0092984,25.375
242.42,1,0.01355,26.3
235.29,0.66667,0.0079807,21.889
238.81,2,0.0064813,21.333
242.42,1.6667,0.0062517,21.1
262.3,0,0.0028636,21.273
262.3,0.33333,0.0067792,20.333
262.3,1,0.0065954,20.455
258.06,1.6667,0.01366,20.273
250,1,0.0065954,20.455
238.81,1.6667,0.01366,20.273
177.78,4.6667,0.00075191,19.7
200,4.3333,0.0005698,18.333
190.48,5.6667,0.005344,34
172.04,2.6667,0.018774,27.25
188.24,0.33333,0.037623,21
188.24,0.66667,0.032011,21.818
186.05,0.66667,0.015831,21.929
183.91,0.33333,0.023675,21.867
181.82,1.6667,0.030467,22.083
181.82,1.6667,0.024003,22.5
172.04,2.6667,0.0095939,26.6
172.04,3,0.0095141,26.556
188.24,0.33333,0.044774,20.667
186.05,2,0.053522,24.571
186.05,6.3333,0.032936,21
200,5.3333,0.016214,21
172.04,2,0.011945,23.5
177.78,1.6667,0.021873,22.571
183.91,0.66667,0.023948,22.071
179.78,0.33333,0.029539,21.889
179.78,0.33333,0.025881,21.833
177.78,0,0.023175,22
177.78,0.33333,0.028162,22.267
177.78,0.33333,0.021879,22.357
179.78,2.3333,0.028868,22.133
179.78,2.3333,0.028914,21.5
195.12,0.33333,0.029932,20
195.12,2.3333,0.027066,20
197.53,0.33333,0.029932,20
183.91,2.3333,0.027066,20
242.42,1,0.014496,20.429
253.97,0.33333,0.026699,26.75
253.97,1,0.018867,26.889
258.06,1,0.0076643,24.111
266.67,1.6667,0.011631,21.818
262.3,1.3333,0.018875,17.7
246.15,0.66667,0.016976,30
246.15,1.6667,0.017746,16.9
253.97,2,0.018183,16.789
266.67,1.3333,0.022664,17
253.97,0.33333,0.022448,24.625
258.06,0,0.010364,22
258.06,0.33333,0.0096456,19.545
258.06,0.33333,0.0064172,18.909
262.3,0,0.010855,18.909
262.3,0,0.0082615,19.417
262.3,1.6667,0.0071451,19.455
262.3,3.6667,0.016772,19.778
242.42,1.6667,0.0071451,19.455
266.67,3.6667,0.016772,19.778
228.57,2.6667,0.02419,34
235.29,4,0.042203,27.5
216.22,3.3333,0.038873,26.667
235.29,3,0.013162,22.4
222.22,4.3333,0.016898,22.286
207.79,2.6667,0.018832,23
231.88,0,0.050752,18.667
231.88,0.33333,0.029637,18.714
231.88,0.66667,0.026811,19.125
228.57,1,0.023678,19.273
225.35,1,0.006616,21.333
219.18,0.66667,0.0043665,21.6
216.22,0.33333,0.007264,21.3
213.33,0,0.0090729,21.222
213.33,0,0.02999,21
213.33,0,0.039547,20.222
213.33,0.33333,0.031853,20.556
213.33,1,0.037814,21.125
210.53,1,0.039243,20
216.22,0.33333,0.029136,20
219.18,0.33333,0.038277,19.5
219.18,0.33333,0.037729,20
216.22,0.33333,0.030454,20.3
216.22,0.66667,0.018497,21
213.33,0.66667,0.02034,22.6
210.53,0.33333,0.0099708,21.3
207.79,0,0.0070225,21.667
207.79,0.33333,0.0099708,21.3
207.79,0,0.0070225,21.667
188.24,3.3333,0.0012618,22
205.13,1,0.041746,20.333
197.53,0.33333,0.043411,23.333
197.53,0.66667,0.028852,20.7
195.12,1,0.040625,21
192.77,3,0.041704,21
188.24,2.3333,0.043715,22
205.13,0.33333,0.016804,24.6
205.13,0.33333,0.040296,19.5
202.53,0.33333,0.051593,19.429
202.53,1,0.052034,19.714
200,0.66667,0.05365,19.714
195.12,0.66667,0.036284,22
195.12,0.66667,0.020453,21.9
200,0.33333,0.013122,20.636
200,0.66667,0.017596,20.071
202.53,0.33333,0.022301,19.588
205.13,0,0.026457,20.455
205.13,0,0.039348,20.273
205.13,0.33333,0.049063,19.833
205.13,1.3333,0.043287,20.615
202.53,1.3333,0.052046,20.917
195.12,0.66667,0.044876,20.875
197.53,0.66667,0.04384,20.182
195.12,0.66667,0.049113,20.538
192.77,1.3333,0.048319,20.889
190.48,1,0.041066,21.6
197.53,0,0.032014,20.2
197.53,0,0.033755,20
197.53,0.33333,0.036243,20.077
197.53,1,0.048012,19.875
195.12,0.66667,0.046184,20
190.48,2.3333,0.043813,21.154
190.48,4.6667,0.034566,22.333
207.79,4.3333,0.060059,21.1
190.48,5.3333,0.062674,21.75
205.13,3.6667,0.00068176,21
181.82,0.66667,0.00056576,20.5
183.91,0.33333,0.012712,22
186.05,0.33333,0.039457,20.8
186.05,0.66667,0.034431,21.444
183.91,0.33333,0.028807,21.538
181.82,0.66667,0.034431,21.444
181.82,0.33333,0.028807,21.538
183.91,0.66667,0.056383,23.25
186.05,0.33333,0.037408,23.333
188.24,0.33333,0.03765,23.5
188.24,0.66667,0.01268,24.6
190.48,1,0.029342,20.917
188.24,1,0.032947,21.067
183.91,1,0.038039,21.385
181.82,1,0.052793,21.9
177.78,4.3333,0.033039,22.714
175.82,4.3333,0.043762,24.75
202.53,1,0.023369,26.188
200,1,0.031562,25.2
195.12,1,0.04117,24.8
192.77,1.3333,0.044837,26.214
188.24,2,0.044332,26.429
183.91,3.6667,0.040826,25.333
175.82,2.3333,0.032822,25.333
190.48,1,0.016808,25.5
190.48,1,0.018723,26.231
183.91,0,0.0074352,25.933
183.91,2.6667,0.0074287,26.083
183.91,3.3333,0.010435,25.889
202.53,1.3333,0.09258,18.6
197.53,1,0.094718,18.6
192.77,0.66667,0.027379,22.167
190.48,0.33333,0.013252,22.167
188.24,0,0.01717,21.375
188.24,0.33333,0.01182,20.857
188.24,0.33333,0.010787,19.333
186.05,0.33333,0.010562,18.7
186.05,1.3333,0.0083427,18.778
188.24,1.6667,0.019719,20.429
195.12,0.66667,0.038941,20.333
200,0,0.033223,20.167
200,0,0.035038,20.6
200,0.33333,0.029133,21.167
200,1.3333,0.022058,22.6
197.53,1,0.029497,24.143
190.48,0,0.021698,21.5
190.48,0.33333,0.02646,22.125
190.48,0.66667,0.026816,22
188.24,1,0.027715,22.111
186.05,1,0.013764,22.6
190.48,0.66667,0.023438,20.714
188.24,1,0.02031,21.167
186.05,1,0.0205,21.375
181.82,0.66667,0.035978,23.286
179.78,3,0.046329,24.533
177.78,2.6667,0.049109,24.167
195.12,3,0.027885,28.5
195.12,3.3333,0.016545,30.5
175.82,3,0.027885,28.5
173.91,3.3333,0.016545,30.5
158.42,2.3333,0.032867,26.5
156.86,2.6667,0.034327,25.1
166.67,2,0.018329,26.286
170.21,1.6667,0.012649,24.571
177.78,1,0.013824,23.25
179.78,1.3333,0.021039,26.571
183.91,1,0.015803,23.5
179.78,0.66667,0.015152,22.636
177.78,1,0.013997,24.417
175.82,2.3333,0.0094972,27.615
172.04,2.6667,0.012108,26.556
163.27,1,0.015103,27.833
168.42,0,0.035655,21.667
168.42,0.33333,0.012004,21.5
168.42,0.66667,0.0097544,21.667
170.21,0.66667,0.0051327,22
172.04,0.66667,0.013501,22
173.91,1,0.014511,21.5
175.82,1,0.009006,24.625
179.78,0.66667,0.013153,21.5
181.82,0.33333,0.014304,21.857
183.91,0.66667,0.017548,20.857
183.91,1,0.017163,20.8
179.78,1,0.022317,22.545
177.78,1.6667,0.023382,24.067
173.91,2.6667,0.048983,26.5
168.42,2,0.064977,25.125
160,2,0.072682,23.75
158.42,3.3333,0.030112,25.857
166.67,3,0.035306,24.545
175.82,1.6667,0.045015,22.385
183.91,2.6667,0.024052,22.625
181.82,3.3333,0.059231,22.8
168.42,1.3333,0.0060118,24
163.27,0.66667,0.026492,25.556
161.62,0.33333,0.055983,29
163.27,0.33333,0.0087832,20.75
163.27,0.66667,0.019656,20.25
164.95,0.33333,0.016351,20.833
166.67,0,0.014297,21
166.67,0,0.0030028,21.714
166.67,0,0.0016802,21.833
166.67,0.33333,0.0073725,21.857
166.67,0.66667,0.0038857,21.857
168.42,0.66667,0.024918,22.5
166.67,0.66667,0.00942,22.25
164.95,0.66667,0.0094323,22.75
163.27,0.66667,0.034698,25.714
161.62,0.66667,0.061882,29.571
160,1.6667,0.068833,30.667
158.42,4,0.013341,34.182
164.95,2.6667,0.011409,31.5
179.78,0,0.034204,21.8
179.78,0.33333,0.031271,21.556
179.78,1.3333,0.03608,24.462
177.78,2,0.015648,21.714
172.04,1.3333,0.024314,22.143
166.67,1,0.033837,22.125
164.95,2,0.028592,19.4
161.62,3.3333,0.067784,25.1
155.34,3,0.0518,23.615
164.95,2,0.028981,23
170.21,2,0.029049,25.333
175.82,2.3333,0.032474,22.818
181.82,3,0.043536,22
173.91,3,0.043508,33.167
164.95,1.6667,0.025462,31.286
158.42,5,0.039213,32.5
156.86,1.6667,0.025462,31.286
181.82,5,0.039213,32.5
207.79,1.6667,0.020984,22
216.22,1,0.014091,20.714
222.22,0.66667,0.0097415,20.5
225.35,0.66667,0.011396,20.1
228.57,0.66667,0.011846,22.333
225.35,1,0.032347,18.917
222.22,1.3333,0.039722,18.538
216.22,1,0.039539,18.615
210.53,0.33333,0.038621,18.813
207.79,0.66667,0.038168,19.375
207.79,1,0.038591,18.8
213.33,1,0.025876,18.857
216.22,1,0.025641,19.2
222.22,0.66667,0.026219,18.889
225.35,0.66667,0.017263,18.778
228.57,0.33333,0.0074365,19.909
231.88,0.33333,0.0062059,20.714
231.88,1,0.005831,22.375
228.57,1.6667,0.010762,23.4
222.22,1.6667,0.0074697,25.75
231.88,0.66667,0.0094036,16.778
225.35,0.33333,0.01386,17.333
225.35,0.66667,0.03933,18.455
228.57,2,0.034018,18.667
231.88,2,0.028463,18.267
216.22,0.66667,0.011322,25.429
219.18,0.33333,0.0096775,25.462
216.22,1,0.010564,24.417
216.22,1.6667,0.0081072,24.375
207.79,1.3333,0.015741,24.333
213.33,2.3333,0.038445,19
207.79,2,0.034231,19.143
222.22,1,0.020112,20.4
219.18,1,0.036535,22
213.33,0.33333,0.01112,22.8
210.53,0.33333,0.017835,21.444
210.53,0.66667,0.019423,20.444
207.79,1,0.012833,20.5
205.13,0.66667,0.037105,19.533
210.53,0,0.035909,19.625
210.53,0.33333,0.03259,19.5
210.53,1.6667,0.027056,19.75
207.79,2.6667,0.0099497,25.5
219.18,3.6667,0.014296,21.875
231.88,2.6667,0.0091384,21.4
210.53,0.33333,0.0074003,25.833
213.33,0.33333,0.014713,24.778
213.33,0.33333,0.0091137,22.444
216.22,0.66667,0.0052501,20.8
216.22,1.3333,0.002933,20.5
222.22,1,0.0074082,20.222
228.57,0.33333,0.0046266,20
231.88,2.6667,0.024884,18.867
231.88,3,0.026768,19
207.79,0.66667,0.0042717,25.625
210.53,1,0.0093178,21.714
213.33,1,0.0015832,21.75
219.18,0.66667,0.0085827,21
222.22,0.33333,0.003155,20.5
225.35,0.66667,0.004865,21.167
225.35,2,0.0090843,20.75
231.88,2,0.019608,22.909
219.18,1,0.040247,20.091
213.33,1,0.036832,20.167
210.53,1,0.040247,20.091
205.13,1,0.036832,20.167
190.48,4.3333,0.035112,24.6
179.78,2.6667,0.038566,25.667
164.95,4.3333,0.028028,24.25
164.95,4.6667,0.022469,24.333
190.48,4,0.045797,21.364
188.24,4,0.011867,28
166.67,0.33333,0.010971,35
168.42,0,0.012187,23.556
168.42,0.33333,0.012348,23.75
168.42,4,0.017352,24.308
166.67,3.6667,0.020935,24.846
188.24,0.66667,0.0080546,25
188.24,1.6667,0.0080869,24.875
192.77,2,0.029028,22.1
186.05,1.3333,0.027673,22.75
179.78,1.3333,0.020303,24.6
177.78,4.3333,0.017337,26.167
183.91,6.6667,0.028317,20.4
164.95,3.6667,0.018431,20.875
183.91,0.66667,0.02709,22.1
186.05,4.3333,0.028264,22
188.24,7,0.022352,22.2
164.95,5,0.0062833,21.667
181.82,2.3333,0.030522,26.333
170.21,4,0.02365,21.4
168.42,4,0.011025,21.5
190.48,0.33333,0.033432,20.714
188.24,1.3333,0.032547,20.909
188.24,1.6667,0.024923,21.571
179.78,0.66667,0.032532,22.357
177.78,0.66667,0.030226,23.5
175.82,0.66667,0.032532,22.357
173.91,0.66667,0.030226,23.5
238.81,1,0.011915,19.5
250,0.33333,0.0097476,18.8
250,0.66667,0.014882,17.364
246.15,0.66667,0.0082074,17.667
242.42,0.66667,0.011463,18.545
238.81,0.66667,0.0086384,19.333
235.29,1,0.010712,19.5
231.88,1,0.0097146,20
225.35,0.33333,0,21
222.22,0.33333,0.033276,19.375
222.22,1.3333,0.021461,20.364
225.35,2,0.018706,20.091
235.29,1.3333,0.010823,20.545
246.15,0.66667,0.013096,22.2
250,0.33333,0.0058202,20.7
246.15,0,0.027974,17.909
246.15,0.66667,0.036416,17.786
246.15,1,0.037522,17.769
238.81,0.66667,0.0064298,25.182
235.29,1.6667,0.0031983,25.7
231.88,1.3333,0.0063426,25.4
246.15,0.33333,0.0050651,27.833
246.15,1,0.0063808,29.167
250,1,0.015784,19
242.42,1,0.013912,18.1
238.81,1,0.0090658,18.5
231.88,1,0.013912,18.1
228.57,1,0.0090658,18.5
258.06,1,0.012747,17.6
262.3,1.3333,0.0097061,18.333
253.97,1,0.0068014,19.2
262.3,1.3333,0.0052112,19.333
266.67,2,0.0043265,19.5
253.97,1,0.013098,25.333
266.67,0.33333,0.005487,19.6
266.67,0.33333,0.010272,19.222
262.3,0,0.013473,18.857
262.3,0.66667,0.034491,19.25
262.3,1,0.009563,18.583
253.97,1,0.0083449,18.818
250,1,0.009563,18.583
242.42,1,0.0083449,18.818
285.71,1,0.011471,24.182
301.89,0.33333,0.014849,24.077
301.89,0.66667,0.0053019,24.5
307.69,1,0.0082215,24.5
301.89,0.66667,0.0096641,25.417
290.91,0,0.040503,26.5
290.91,0,0.031447,26.25
290.91,0.33333,0.018591,26.091
290.91,0.66667,0.0057639,25.333
296.3,0.66667,0.0057047,25.5
301.89,0.66667,0.0057639,25.333
307.69,0.66667,0.0057047,25.5
390.24,1,0.029172,21.133
372.09,0.33333,0.019767,19
380.95,0,0.012144,19
380.95,0.33333,0.012648,18.889
380.95,1,0.0080865,19.6
372.09,0.66667,0.0087938,20.533
390.24,0,0.0024685,19.563
390.24,0.33333,0.0034116,19.563
390.24,0.66667,0.0052572,19.706
380.95,0.33333,0.0034116,19.563
372.09,0.66667,0.0052572,19.706
313.73,1,0.010778,22.222
333.33,0.66667,0.0091512,23.429
333.33,0.66667,0.0067913,22.8
320,0.33333,0.0094903,25
320,0.66667,0.010328,24
313.73,0.33333,0.0094903,25
307.69,0.66667,0.010328,24
326.53,0.66667,0.0087616,24.2
340.43,0.33333,0.0059386,23.077
340.43,1,0.0026594,20.833
333.33,1,0.0067935,21.5
320,0.66667,0.0085951,24.462
326.53,1,0.011907,24.846
333.33,1,0.0090377,24.385
347.83,0.66667,0.013102,23.75
340.43,0.33333,0.024993,24.5
347.83,1,0.02454,22.8
347.83,1.6667,0.013205,21.455
326.53,1,0.01106,21.833
340.43,0.33333,0.032381,22.714
333.33,0.33333,0.02993,22.7
333.33,0.33333,0.030062,23
326.53,0.33333,0.033526,22.923
326.53,0.33333,0.041095,24.286
320,0.33333,0.033526,22.923
320,0.33333,0.041095,24.286
285.71,1,0.0069096,23.154
301.89,0.33333,0.0089005,24.333
301.89,0.33333,0.030698,23.929
296.3,0,0.0090911,23
296.3,0.33333,0.013127,23.455
296.3,0.66667,0.018124,23.545
290.91,0.66667,0.017854,23.143
285.71,0.66667,0.041117,26.375
280.7,1.3333,0.032561,25.182
285.71,1.6667,0.036551,26.625
301.89,0.66667,0.021861,24.077
290.91,0.33333,0.01388,23.4
290.91,0.66667,0.014945,23.571
285.71,0.66667,0.02821,23.5
290.91,1.3333,0.016283,24.8
296.3,1.3333,0.019811,24.429
280.7,1,0.016906,20.167
285.71,1.6667,0.034238,19
296.3,1.6667,0.012735,21
280.7,1.3333,0.026244,21.917
290.91,1.6667,0.012735,21
301.89,1.3333,0.026244,21.917
410.26,0.66667,0.0076983,19.75
410.26,0.66667,0.014217,19.125
390.24,0,0.018895,20.091
390.24,0.66667,0.0046911,21
390.24,1,0.0093578,21
410.26,0.66667,0.015842,19
400,0.33333,0.014512,19.857
390.24,0.33333,0.017831,19.667
390.24,0.66667,0.013427,20.111
400,0.33333,0.0077011,20.125
410.26,0,0.0058838,19.625
410.26,0,0.0040375,18.875
410.26,0,0.0075119,19
410.26,0.33333,0.020812,19.077
410.26,0.66667,0.025758,19.444
400,0.66667,0.057988,19.5
390.24,0.66667,0.041323,19.909
400,0.66667,0.057988,19.5
410.26,0.66667,0.041323,19.909
266.67,0.33333,0.00051415,25
266.67,1.3333,0.00023947,21.857
262.3,1.3333,0.02247,27.667
275.86,1,0.014915,28.111
271.19,1,0.0123,26.909
262.3,0.66667,0.0097483,25.667
258.06,0.66667,0.0086136,24.455
253.97,1,0.022603,23.273
250,0.66667,0.0082798,21.75
258.06,0,0.031724,29.778
258.06,0,0.032464,29.545
258.06,0,0.013501,28.455
258.06,0.66667,0.010128,28.7
258.06,0.66667,0.021019,28.556
250,1.3333,0.057735,20
250,1.6667,0.032404,19.8
266.67,0.66667,0.025365,26
262.3,1,0.017362,24.857
258.06,2.6667,0.015371,25
250,2.3333,0.009801,24
275.86,0.33333,0.00086975,21.333
271.19,0.33333,0.00076784,22.2
271.19,0.66667,0.00089858,20.2
275.86,0.66667,0.021285,28
271.19,1.3333,0.012119,27.625
266.67,1.3333,0.010376,27
253.97,1.3333,0.012119,27.625
250,1.3333,0.010376,27
262.3,3,0.0017419,25.7
280.7,2.3333,0.0015191,25.636
258.06,0.66667,0.015924,24.5
266.67,0.33333,0.019543,25
266.67,0.66667,0.018537,25.714
262.3,0.66667,0.0022789,21.6
266.67,0.33333,0.004944,21.417
271.19,0,0.0035692,21.6
271.19,1,0.013052,22.111
271.19,1,0.021253,24.6
258.06,0.66667,0.027505,19.143
258.06,2,0.02766,18.25
266.67,1.6667,0.018943,23.25
285.71,0.66667,0.013042,24.571
280.7,0.66667,0.0060674,21.429
275.86,0.33333,0.023292,25.545
271.19,0.66667,0.021547,24.545
271.19,2.3333,0.0088935,24.4
262.3,2.3333,0.015218,26.444
285.71,1,0.007597,24.167
275.86,1,0.0091226,23
271.19,1,0.013576,21.167
262.3,1.6667,0.018365,20.615
258.06,1.3333,0.022195,21.364
275.86,0.66667,0.027593,26.2
275.86,0.66667,0.025856,24.556
285.71,0,0.016617,23.8
285.71,0.33333,0.014302,27.273
285.71,1,0.014076,23.214
280.7,1,0.012357,22.154
271.19,0.66667,0.020257,21.25
266.67,0.33333,0.014693,20.333
262.3,0.33333,0.010186,20.5
262.3,1.3333,0.016524,20.429
266.67,2.3333,0.017063,21
280.7,1.3333,0.028212,22.727
262.3,0.33333,0.032598,29.2
262.3,1.3333,0.028212,22.727
258.06,0.33333,0.032598,29.2
250,1.6667,0.0057324,19
262.3,1,0.0057292,20.8
253.97,1.6667,0.014077,23.364
258.06,2.3333,0.0078187,25.7
275.86,1,0.0095873,27.857
262.3,0.33333,0.013656,28
262.3,0.66667,0.022805,27.333
258.06,1.6667,0.0093717,22.556
253.97,1.6667,0.00953,20.615
271.19,0.33333,0.0079887,27.182
266.67,0.33333,0.010096,27
266.67,0.66667,0.011745,26.222
262.3,0.33333,0.0077332,24.455
258.06,0,0.0028792,24.2
258.06,0.33333,0.0021125,23.8
258.06,2,0.006726,24.455
253.97,1.6667,0.012942,26.3
275.86,0.33333,0.0063358,25.667
275.86,1,0.004797,25.5
271.19,0.66667,0.003278,27.917
262.3,0.33333,0.012026,28
262.3,1,0.011795,27.857
266.67,1.3333,0.0053454,27.167
258.06,1.6667,0.0036894,26.857
250,2,0.004531,21.5
262.3,1.6667,0.0017845,21.8
275.86,0.66667,0.0019411,22.273
266.67,0.33333,0.021747,26.4
266.67,1.3333,0.031739,28.2
271.19,1.3333,0.013169,27.3
258.06,0.66667,0.020852,27.125
262.3,0.66667,0.011602,26.222
266.67,0.33333,0.016873,25.875
262.3,0.66667,0.015955,27.429
262.3,0.33333,0.016873,25.875
253.97,0.66667,0.015955,27.429
285.71,0,0.014687,19.556
285.71,1.3333,0.026365,19.667
285.71,2,0.028494,20
307.69,1.3333,0.037052,25.714
296.3,2,0.076843,26.333
285.71,1.6667,0.057568,26.7
307.69,0.66667,0.024906,22.75
301.89,1,0.015447,22.714
296.3,1,0.015663,22.4
285.71,0.66667,0.013986,22.5
290.91,0.66667,0.01017,23.25
296.3,0.33333,0.013846,24.417
301.89,0.33333,0.014235,24.833
301.89,0.66667,0.013142,24.833
307.69,0.33333,0.02828,25.417
301.89,0.33333,0.019762,24.6
301.89,1.3333,0.0082541,24.385
307.69,1.6667,0.0035122,24.75
290.91,1.3333,0.0082541,24.385
301.89,1.6667,0.0035122,24.75
290.91,0,0.021348,25.125
290.91,0,0.01323,25.333
290.91,0,0.010459,25.5
290.91,0,0.0077151,25.4
290.91,1.3333,0.0070452,24.583
290.91,2.6667,0.005227,24.818
271.19,1.3333,0.019796,28.091
290.91,0,0.035773,25
290.91,0.33333,0.012097,24.769
290.91,0.66667,0.024924,25.636
285.71,0.33333,0.016701,26.6
280.7,0,0.013485,27.3
280.7,0,0.0040157,27.545
280.7,0.33333,0.0088403,27.333
280.7,1,0.025326,27.909
275.86,0.66667,0.037176,28.333
266.67,1.6667,0.052383,28.5
266.67,2,0.03139,26.25
290.91,0.66667,0.010197,26.75
285.71,1,0.007382,27.091
280.7,0.66667,0.0084527,26.818
271.19,1,0.007382,27.091
271.19,0.66667,0.0084527,26.818
290.91,1.6667,0.0048002,23.75
301.89,1.3333,0.0023286,24.917
285.71,1,0.0067414,20.667
290.91,1,0.0076159,21.778
301.89,0.66667,0.0065555,22.75
307.69,0.66667,0.002042,23.917
301.89,0.33333,0.19682,25.875
307.69,0.66667,0.1517,25.636
307.69,0.66667,0.08445,25.667
296.3,0,0.076722,25.667
296.3,0.33333,0.12496,26.25
296.3,0.33333,0.13484,26.25
290.91,0.33333,0.15107,26.583
290.91,0.33333,0.13484,26.25
285.71,0.33333,0.15107,26.583
253.97,1,0.0083487,24.875
262.3,0.66667,0.0098373,21.786
266.67,1,0.009213,21.917
271.19,1,0.0025742,23.909
280.7,0.66667,0.0023788,24.455
275.86,0.66667,0.01024,27.455
271.19,0.66667,0.011478,26.25
275.86,0.33333,0.0028518,19.222
271.19,0,0.0013564,19.364
271.19,0.33333,0.007517,23.25
271.19,0.33333,0.0043826,21.143
275.86,0,0.0053644,21.25
275.86,0.33333,0.0057792,21.7
275.86,0.66667,0.008125,23.9
271.19,0.33333,0.011477,23.875
266.67,0.66667,0.012549,20.75
266.67,0.66667,0.0082743,20.467
258.06,1.6667,0.008858,20.667
258.06,3.3333,0.0032284,20.667
280.7,2,0.0031323,24
258.06,0.33333,0.00049573,19.889
262.3,0.66667,0.010981,23.875
262.3,0.66667,0.0081465,22.9
253.97,0,0.0062672,22.2
253.97,0,0.003795,21.636
253.97,0,0.0062672,22.2
253.97,0,0.003795,21.636
246.15,0.33333,0.0065707,26.5
246.15,1.3333,0.004687,28.429
242.42,2,0.0048476,29
253.97,1.6667,0.0084097,24.4
242.42,2,0.0063538,29.222
235.29,1.3333,0.0064259,24.571
250,0,0.0048753,21.9
250,1,0.012674,21.083
250,1,0.01252,19.455
238.81,0,0.0070674,20.455
238.81,0,0.005898,22.1
238.81,0,0.0058577,22.727
238.81,0,0.0044655,23.818
238.81,0.33333,0.011848,23.8
238.81,0.33333,0.0033646,27.25
242.42,0.33333,0.002867,27.833
242.42,0.33333,0.020541,24.5
238.81,0.33333,0.017973,19.545
238.81,1,0.017801,19.1
235.29,0.66667,0.019516,18.714
242.42,0.33333,0.006754,21.5
242.42,1.3333,0.007286,21.875
238.81,1.6667,0.00627,21.875
179.78,2,0.15663,35
177.78,2.6667,0.093999,24
168.42,1.3333,0.056839,26.375
163.27,1,0.072805,25.444
164.95,2.3333,0.028998,29.545
168.42,3,0.017916,25.6
177.78,2.3333,0.035033,25.111
186.05,5.3333,0.0092567,22.857
192.77,5.6667,0.010434,22.75
166.67,1.6667,0.019324,21.5
173.91,0.66667,0.028306,22.857
175.82,0.33333,0.021898,23.2
177.78,0.66667,0.028642,24
177.78,1,0.007955,23.333
181.82,0.66667,0.036585,24
179.78,0.33333,0.054467,24
177.78,0.33333,0.063361,23.714
177.78,0.33333,0.054467,24
179.78,0.33333,0.063361,23.714
225.35,1,0.035754,19.273
231.88,0.33333,0.041703,19.3
235.29,0,0.026311,20.2
235.29,0.33333,0.034746,21.5
235.29,1.3333,0.02405,23.3
231.88,1,0.038116,23.778
222.22,1,0.030946,26
222.22,1.3333,0.034371,27.667
231.88,1,0.018057,31.143
228.57,1,0.039215,17.8
222.22,0.66667,0.01649,20.3
225.35,0.33333,0.012632,20.6
228.57,0.33333,0.014801,20.75
228.57,0.33333,0.032704,21
231.88,0.33333,0.023819,21.4
231.88,1.3333,0.035207,22.7
228.57,0.33333,0.023819,21.4
219.18,1.3333,0.035207,22.7
202.53,2.3333,0.0017451,27.333
219.18,3.3333,0.058967,28
216.22,4.6667,0.025662,19
192.77,2.3333,0.0096246,26
205.13,1.6667,0.019366,22.875
210.53,4,0.0069088,21.375
219.18,1.6667,0.019366,22.875
195.12,4,0.0069088,21.375
172.04,2.6667,0.066293,29.25
160,4.6667,0.11968,30.889
158.42,8.6667,0.11857,31.333
181.82,7,0,22
158.42,3,0.00067541,22.167
172.04,0.66667,0.048594,30.3
170.21,0.66667,0.052633,32
168.42,0.66667,0.13796,32.923
166.67,1,0.11003,28.375
164.95,4.6667,0.22803,34.5
161.62,7.3333,0.14031,34.5
183.91,5.6667,0.015225,33.8
164.95,2.6667,0.0086716,37.5
177.78,0.33333,0.014874,25.143
175.82,1,0.017977,25.182
175.82,2.3333,0.026226,25.615
170.21,2.3333,0.027414,26.1
163.27,3.3333,0.034958,26.571
168.42,2.6667,0.040801,24.333
181.82,0.66667,0.08824,23.077
183.91,2.6667,0.040801,24.333
186.05,0.66667,0.08824,23.077
219.18,4,0.053095,31.25
200,2.3333,0.049745,28
213.33,0.66667,0.041207,29.8
219.18,0,0,26
219.18,0,0.061119,22.4
219.18,0.33333,0.076488,21.5
219.18,1,0.087743,21.091
216.22,1.3333,0.10136,20.385
210.53,1,0.10718,20.571
205.13,1.6667,0.10322,21
202.53,1.3333,0.074763,21.556
192.77,0.33333,0.057601,22.75
192.77,2.3333,0.014807,31
195.12,2,0.0023231,19.5
210.53,0.33333,0.03353,21.143
210.53,1,0.061713,20.833
207.79,1.3333,0.033927,21
202.53,1.3333,0.029368,21.4
197.53,2,0.037839,21.636
192.77,1.3333,0.033054,24.5
202.53,0.33333,0.064297,26.286
202.53,0.33333,0.050619,26.111
200,0.33333,0.040234,26.444
200,0.33333,0.034829,26.778
202.53,0,0.032971,27.111
202.53,0.33333,0.049768,27
202.53,0.66667,0.060163,26.75
205.13,0.33333,0.054486,24.615
202.53,0.66667,0.05595,24.143
202.53,2.3333,0.048113,24.357
197.53,0.66667,0.05595,24.143
210.53,2.3333,0.048113,24.357
228.57,0.33333,0.085721,20.571
231.88,0.33333,0.076061,21.222
231.88,0.66667,0.042635,22.5
228.57,0.66667,0.026723,23.889
225.35,0.66667,0.015162,24.889
222.22,0.33333,0.053948,26.889
219.18,0.33333,0.015093,25.778
219.18,0.33333,0.013864,25.667
222.22,0.33333,0.023722,25.222
222.22,0.33333,0.050023,26.444
219.18,1,0.02256,25.5
219.18,1,0.027259,25.5
210.53,1.6667,0.0071917,34.6
210.53,2.3333,0.0043896,32.429
225.35,2.6667,0.026406,26
219.18,2.3333,0.020622,25.25
238.81,0.66667,0.049351,20
235.29,0.66667,0.062979,19.385
231.88,1,0.078005,19.333
228.57,0.66667,0.075713,19.444
222.22,0.33333,0.05855,20
222.22,0.66667,0.029485,22.625
219.18,1,0.018851,22.6
216.22,2.6667,0.0088839,23.875
210.53,3,0.011546,24.333
228.57,2,0.013728,22.4
219.18,3,0.011546,24.333
210.53,2,0.013728,22.4
188.24,2.6667,0.047484,29.143
188.24,3.6667,0.062895,29.857
207.79,1,0.014993,32
200,1.3333,0.0034825,20.667
200,2.6667,0.0035189,18.286
210.53,2,0.071581,20.444
200,1,0.067859,20.889
195.12,0.66667,0.032598,23
192.77,3.6667,0.026533,22.857
190.48,3.3333,0.020436,20.889
216.22,0.33333,0.070603,19.222
216.22,1,0.11217,20
213.33,1,0.10836,18.714
207.79,1,0.074474,18.909
205.13,1,0.072603,19.2
210.53,0.66667,0.071281,24.5
207.79,0.33333,0.06504,24
205.13,0.33333,0.053426,23
205.13,1.6667,0.061607,23
202.53,1.6667,0.063331,23
213.33,1,0.063134,26
216.22,1,0.063066,25.667
210.53,1.3333,0.04125,26
207.79,1.6667,0.063432,26.8
216.22,1.3333,0.062502,28.667
210.53,1,0.19094,21.6
205.13,0.33333,0.15466,21.625
202.53,0,0.13707,21.667
202.53,0,0.12079,21.4
202.53,0,0.11369,21.118
202.53,0,0.11133,21.235
202.53,0,0.11523,21.235
202.53,0.33333,0.12053,21.529
202.53,1,0.095892,22
205.13,1,0.095197,22.286
210.53,1,0.095892,22
213.33,1,0.095197,22.286
238.81,1.3333,0.06735,22.786
231.88,1,0.060079,22.389
225.35,1,0.039186,22.389
222.22,1.3333,0.058279,22.444
216.22,2,0.060784,22.714
210.53,1.6667,0.054031,23.25
222.22,0.33333,0.044582,19.75
225.35,1.3333,0.070465,17.857
225.35,2.6667,0.04553,24.5
238.81,2,0.048844,30.667
225.35,1.3333,0.058396,23.769
231.88,0.66667,0.04088,22.929
238.81,2.6667,0.025198,22.333
238.81,4.6667,0.0087606,24.25
213.33,2.6667,0.025198,22.333
231.88,4.6667,0.0087606,24.25
231.88,0.66667,0.072549,18.333
228.57,0.33333,0.08079,18.25
231.88,0.33333,0.075676,19.75
231.88,1,0.038607,33.4
228.57,0.66667,0.037831,27.75
235.29,1,0.026357,24.778
235.29,1,0.041152,24.7
225.35,0.33333,0.05867,19.091
225.35,2,0.077315,19.25
222.22,1.6667,0.081665,18.9
207.79,0,0.11022,19.333
207.79,0,0.03459,21.667
207.79,0,0.02437,22
207.79,0,0.033631,22.667
207.79,1.6667,0.046685,25.667
207.79,2.3333,0.036236,25.667
222.22,1.3333,0.029383,31.7
228.57,0.66667,0.029647,28.636
235.29,2,0.028752,25
235.29,2,0.036008,21
216.22,2,0.0069099,21.4
216.22,2,0.036008,21
235.29,2,0.0069099,21.4
170.21,1,0.013297,22.875
172.04,1.3333,0.016472,24
175.82,1,0.0027841,23.714
179.78,0.66667,0.018702,26.375
181.82,0.66667,0.014521,24.556
183.91,1.3333,0.01398,28.286
181.82,1.6667,0.017412,31
175.82,1,0.0128,26.091
179.78,1,0.010697,25
177.78,1.3333,0.011324,24.182
173.91,1.3333,0.01106,22.8
170.21,1.3333,0.0014003,23.714
173.91,1,0.0018427,24.143
177.78,1,0.0043088,24.625
179.78,1,0.0080718,25
183.91,0.66667,0.0096685,27.875
186.05,0.33333,0.0088865,28
188.24,0.66667,0.013334,26.889
188.24,1,0.014431,26.25
192.77,0.66667,0.013334,26.889
195.12,1,0.014431,26.25
271.19,0.66667,0.054774,26.571
280.7,0,0.0075756,26.727
280.7,1,0.0115,25.545
280.7,2,0.025575,26.455
266.67,1,0.046897,28.111
280.7,0.33333,0.021254,28.455
280.7,1.3333,0.064117,28.727
275.86,1.3333,0.085277,28.818
262.3,0.66667,0.12632,28.727
266.67,0.66667,0.074804,28.818
271.19,1.3333,0.033149,28.182
266.67,2.3333,0.052375,28.778
253.97,2,0.063801,28.833
271.19,0.66667,0.051839,18.455
280.7,0.33333,0.03137,20.818
280.7,2,0.013069,27.273
275.86,2,0.010399,27.727
253.97,0.66667,0.039687,30.125
258.06,0.66667,0.034053,28.2
262.3,1,0.031651,26
266.67,1,0.020752,24.364
275.86,0.66667,0.023619,22.909
280.7,1,0.020752,24.364
275.86,0.66667,0.023619,22.909
213.33,5,0.0078241,24.333
238.81,2.3333,0.020263,29.5
216.22,2.3333,0.028835,27.6
216.22,3.6667,0.027401,28.333
238.81,2.3333,0.046027,20.167
225.35,1.6667,0.051868,21.2
216.22,0.66667,0.051851,21
222.22,0,0.06351,20.571
222.22,0.33333,0.047478,20.75
222.22,0.66667,0.048825,21
219.18,0.33333,0.057728,20.692
222.22,0.33333,0.053296,20.714
222.22,0.33333,0.055479,20.214
225.35,0.33333,0.073829,20.231
225.35,0.33333,0.055479,20.214
222.22,0.33333,0.073829,20.231
205.13,1.3333,0.07754,23
210.53,0.66667,0.066286,22.909
216.22,0.66667,0.066149,23.714
216.22,2.3333,0.057409,24.688
210.53,3.3333,0.048741,25.846
197.53,2.3333,0.042404,28.4
210.53,0.66667,0.0032721,26.25
216.22,1.3333,0.041516,24.111
216.22,2.6667,0.030274,28.667
205.13,2,0.0029567,22
216.22,1.3333,0.04468,32.5
222.22,1,0.07526,19.083
216.22,0.66667,0.024481,20.6
213.33,0.66667,0.021647,20.778
210.53,0.33333,0.019813,20.778
207.79,0,0.024586,20.889
207.79,0.33333,0.042095,21.222
207.79,0.33333,0.048924,21.444
210.53,0.33333,0.043073,21.889
210.53,0.33333,0.02698,22.111
213.33,0,0.025497,23.125
213.33,0,0.041423,26.111
213.33,1,0.043704,28.333
213.33,1.3333,0.057728,30.556
205.13,0.66667,0.12633,30.8
207.79,0.66667,0.026701,21.688
205.13,1,0.031107,22
202.53,1.6667,0.039155,22.385
197.53,1.3333,0.066865,22.556
205.13,0.33333,0.092135,20.667
207.79,0,0.10845,20.385
207.79,0.66667,0.12157,20.533
207.79,0.66667,0.13653,20.545
202.53,1,0.12629,21.143
202.53,2,0,28
210.53,1,0.059396,24.333
219.18,0,0.039218,23.25
219.18,0.66667,0.033277,23
219.18,1.3333,0.039551,22.667
213.33,1.6667,0.074719,23
207.79,1.3333,0.039551,22.667
200,1.6667,0.074719,23
262.3,1.3333,0.022749,26.333
271.19,0.66667,0.034335,27
280.7,0.33333,0.034524,26.222
280.7,0.66667,0.045632,26.417
285.71,0.66667,0.059692,26.667
280.7,1.3333,0.026335,23.083
275.86,2.3333,0.034011,22.778
262.3,1.3333,0.039985,23
280.7,0,0.0071335,22.909
280.7,0.33333,0.0071607,23.091
280.7,2,0.0055417,23.455
285.71,2.3333,0.053787,28.5
262.3,2,0.0055417,23.455
271.19,2.3333,0.053787,28.5
301.89,1.3333,0.011637,25.667
290.91,1.6667,0.018966,26.583
280.7,1.6667,0.040261,27.545
266.67,1.6667,0.033296,27.875
258.06,1.3333,0.038547,28.4
246.15,1,0.082866,29
250,2,0,24
258.06,2.6667,0.023637,24.111
275.86,2,0,24
296.3,2.6667,0.023637,24.111
228.57,1.3333,0.033305,31.3
242.42,0.33333,0.028268,29.167
242.42,1,0.052211,25.455
238.81,1,0.027079,26.727
231.88,0.66667,0.045811,31
228.57,0.66667,0.01125,29.5
231.88,0.66667,0.0080045,23.1
228.57,0.66667,0.0095731,23.4
231.88,1,0.0058001,21.444
235.29,0.66667,0.011551,21
242.42,0.33333,0.0088995,20.556
242.42,1.3333,0.013803,20.7
238.81,1.3333,0.010785,21.1
228.57,1,0.0043084,21.444
225.35,0.66667,0.011039,22.889
219.18,0.33333,0.015604,25.143
219.18,1,0.0232,26.625
216.22,2,0.02682,26.167
222.22,1.3333,0.024673,23.333
235.29,0.66667,0.023083,22.2
235.29,1.3333,0.034498,19.846
228.57,1,0.01768,19.429
222.22,2.6667,0.030446,18.833
219.18,4.3333,0.016122,19.25
242.42,2,0.0015232,20.333
222.22,0.33333,0.039947,18.5
222.22,0.66667,0.039714,18.538
219.18,1.6667,0.041728,18.8
216.22,2.3333,0.023863,28.6
228.57,1.3333,0.023828,22.375
238.81,0.66667,0.01122,22
242.42,0.66667,0.011422,25.091
238.81,1,0.013105,23.9
235.29,0.66667,0.011422,25.091
228.57,1,0.013105,23.9
296.3,1.6667,0.025685,25
285.71,1.6667,0.024494,24.5
301.89,1,0.016556,24.25
290.91,0.66667,0.012854,24.385
285.71,0.33333,0.0080239,25
280.7,0,0.0073107,24.833
280.7,0.66667,0.011638,25.182
280.7,1,0.031725,19.143
290.91,0.33333,0.035262,19.2
296.3,0.33333,0.015246,21.692
296.3,0.66667,0.0072523,24.917
290.91,0.33333,0.0062198,24.667
285.71,0,0.016437,24.583
285.71,0.33333,0.040649,25
285.71,1.3333,0.053762,25.75
280.7,2,0.055939,27.909
296.3,1.3333,0.037689,25.917
280.7,0.66667,0.0083088,23.25
285.71,0.33333,0.0095111,24
290.91,0,0.0083167,25
290.91,0,0.0072545,25.833
290.91,0,0.0087315,26.091
290.91,0,0.012169,26.222
290.91,0.33333,0.017229,26.167
290.91,1.3333,0.017432,26.333
296.3,0.33333,0.017229,26.167
280.7,1.3333,0.017432,26.333
210.53,1.3333,0.040046,19.7
219.18,0.66667,0.096005,20.308
216.22,1,0.1182,20.2
213.33,1,0.096138,20.636
207.79,0.66667,0.09377,23.556
210.53,1.3333,0.038043,24.333
213.33,1.3333,0.0466,23.2
222.22,1,0.066479,20.2
219.18,1,0.055617,20.231
213.33,0.66667,0.053082,20.75
210.53,0.33333,0.018513,22.375
207.79,0.33333,0.021579,22.333
207.79,0.66667,0.025448,22.667
210.53,0.66667,0.03561,21.778
213.33,0.66667,0.021695,21.778
216.22,0.33333,0.048475,20.818
219.18,0,0.070788,20.417
219.18,0,0.067267,22.636
219.18,0.33333,0.063832,25.091
219.18,0.33333,0.053545,31.111
222.22,0.66667,0.063358,29.778
222.22,0.66667,0.075002,31.143
216.22,0.33333,0.03433,27.125
216.22,0.66667,0.018241,22.667
219.18,1.6667,0.01496,21.471
222.22,3.3333,0.018952,21
235.29,2.3333,0.019143,30.9
216.22,3.3333,0.018952,21
219.18,2.3333,0.019143,30.9
372.09,0.33333,0.018497,20.667
372.09,0.66667,0.013415,20.692
380.95,0.66667,0.0082477,21
372.09,0.66667,0.010335,21.1
363.64,0.33333,0.0042077,20.5
372.09,0.33333,0.0041923,21.154
372.09,0.33333,0.0042077,20.5
380.95,0.33333,0.0041923,21.154
363.64,0.33333,0.0081464,21.846
363.64,0.33333,0.0072386,21.333
372.09,0,0.0031654,21
372.09,0,0.0028408,20.933
372.09,0,0.0065173,21.133
372.09,0,0.0080211,20.867
372.09,0.66667,0.019535,21
372.09,0.66667,0.012472,21.143
355.56,0.33333,0.010693,22.083
355.56,0.66667,0.010982,21.833
363.64,0.33333,0.010693,22.083
372.09,0.66667,0.010982,21.833
326.53,0.66667,0.035306,24.6
333.33,1.3333,0.034173,24.667
326.53,1.3333,0.020637,23.909
347.83,0.33333,0.0027439,22.429
340.43,0,0.0037059,22.667
340.43,0.33333,0.010109,22
340.43,0.33333,0.0068125,23.385
333.33,0.33333,0.011217,23.308
333.33,0.33333,0.00631,24.364
340.43,0,0.0048319,23.615
340.43,0,0.011076,23.286
340.43,0,0.0025386,22.571
340.43,0.66667,0.0025365,22.714
340.43,0,0.0025386,22.571
326.53,0.66667,0.0025365,22.714
290.91,0.66667,0.027227,24.625
296.3,1,0.0072871,25.111
301.89,1.3333,0.0098867,24.923
290.91,0.66667,0.010315,24.8
280.7,0,0.015353,25
280.7,0,0.026113,25.8
280.7,0.66667,0.012568,25.333
280.7,1.3333,0.0082999,25.909
290.91,0.66667,0.037948,26.286
301.89,0,0.018211,25.857
301.89,0.33333,0.006481,25.75
301.89,0.33333,0.0062349,25.571
296.3,0,0.006532,25.6
296.3,0,0.0067815,25.833
296.3,0.33333,0.0063892,25.667
296.3,0.33333,0.004075,25.833
290.91,0,0.0041946,25.917
290.91,0.33333,0.014756,26.167
290.91,0.66667,0.02454,26.083
296.3,0.33333,0.018231,26.083
290.91,0.66667,0.010252,25.909
290.91,0.66667,0.015455,26.3
280.7,0.33333,0.0087661,26.143
280.7,0.33333,0.025306,26.25
285.71,0,0.013126,26
285.71,0.33333,0.0020306,25.091
285.71,1.3333,0.0044369,24.9
280.7,1.3333,0.0081915,25.222
296.3,0.66667,0.0071795,25.909
290.91,0.66667,0.0065474,25
285.71,1,0.0065811,23.5
280.7,1,0.014882,24.857
290.91,0.66667,0.0071154,24.25
296.3,1,0.014882,24.857
301.89,0.66667,0.0071154,24.25
231.88,1.3333,0.021898,22
238.81,0.66667,0.027819,18.714
246.15,0.33333,0.032784,17.889
246.15,0.66667,0.0072186,29.429
242.42,1,0.0063452,26
238.81,1,0.0062753,24.455
246.15,0.66667,0.028832,19.067
242.42,0.66667,0.036041,18.235
238.81,0.33333,0.04597,17.867
235.29,0,0.047732,18.444
235.29,1,0.049514,20.111
235.29,2.3333,0.03427,24.091
246.15,2,0.046354,17.333
231.88,1,0.018369,24.625
238.81,0.66667,0.016491,25.125
242.42,1.6667,0.020552,22.333
238.81,2,0.027367,18.4
225.35,1.6667,0.020552,22.333
231.88,2,0.027367,18.4
213.33,0.66667,0.082713,23.5
216.22,0.66667,0.11397,21.2
219.18,0.66667,0.077864,21.571
222.22,3,0.08633,20.8
225.35,3,0.094932,20.1
202.53,1.3333,0.020951,21.667
205.13,1,0.019784,21.222
213.33,0.33333,0.024148,20.333
213.33,1,0.0057022,19.5
210.53,1.3333,0.048245,24.333
216.22,0.66667,0.035075,22.7
222.22,0,0.062679,19.6
222.22,0,0.075099,18.846
222.22,0.33333,0.083868,18.8
222.22,1,0.088566,18.5
225.35,2,0.049863,19.4
219.18,1.3333,0.052405,19.5
207.79,0.33333,0.05785,20.154
207.79,0.66667,0.048701,23.2
205.13,0.66667,0.066714,21.375
202.53,1,0.070946,21.417
200,1.6667,0.021902,23.077
205.13,2,0.02416,23
213.33,1.6667,0.021902,23.077
222.22,2,0.02416,23
139.13,9.3333,0.0080178,32.25
150.94,7.6667,0.0093058,31
128,3.6667,0.0081736,20.5
124.03,2.3333,0.021599,44
131.15,1.3333,0.0015645,26.273
131.15,1.3333,0.0010583,23.091
126.98,1.3333,0.02623,37.333
126.98,1.3333,0,51
123.08,7.6667,0.0024294,22.5
123.08,9.3333,0.0070379,22
149.53,3,0.059898,26.5
142.86,2.3333,0.081979,26.8
137.93,1.3333,0.12643,21.667
141.59,0.33333,0.056657,32.4
142.86,0.33333,0.054067,36.1
142.86,0.66667,0.062308,36.357
141.59,0.66667,0.038708,33.733
140.35,0.66667,0.041351,32.714
139.13,0.33333,0.024988,24.5
137.93,0.33333,0.045101,31.588
137.93,1,0.0659,31.765
136.75,1.3333,0.048247,31.647
134.45,2.3333,0.052265,26.154
132.23,2,0.036208,26.125
126.98,0.66667,0.05195,29.6
128,0.33333,0.038865,32.571
129.03,0.33333,0.041322,32.364
129.03,1.3333,0.058805,32.714
128,1.3333,0.07153,30.692
125,1.3333,0.096666,29.5
125.98,1.3333,0.089284,21
129.03,0.33333,0.059811,35.8
130.08,0,0.080469,31.429
130.08,0.33333,0.10038,30.818
130.08,1,0.1035,32.154
129.03,1.6667,0.12464,27.167
126.98,1.3333,0.12093,25.75
124.03,2.6667,0.11765,22
123.08,2.3333,0.008311,40
130.08,0,0.038746,38.5
130.08,0.33333,0.079452,30.25
130.08,1,0.077711,28.8
129.03,1.3333,0.052389,35.125
126.98,1,0.072399,31.818
125,0.66667,0.086162,29.3
124.03,1,0.072399,31.818
123.08,0.66667,0.086162,29.3
190.48,0.66667,0.045131,21.1
188.24,0.66667,0.052247,21.286
186.05,0.33333,0.070306,21.308
183.91,1,0.081839,21.667
183.91,1,0.030677,23
190.48,0.33333,0.076523,23.4
190.48,3.3333,0.075689,23.4
188.24,3.6667,0.075048,22.8
210.53,1.6667,0.075847,18.636
205.13,1.6667,0.069538,19.091
197.53,1.3333,0.063333,20.286
192.77,2,0.049189,20.667
188.24,1.3333,0.034541,21.667
197.53,0.66667,0.0091508,20.333
197.53,1,0.069871,19.714
192.77,0.66667,0.065275,19.727
190.48,0.66667,0.06139,20.167
188.24,0.66667,0.080524,20.545
186.05,2,0.041602,21.833
188.24,3,0.043813,20.75
200,1.3333,0.015456,22
210.53,0,0.035234,20.5
210.53,0.66667,0.027792,21
210.53,0.66667,0.035283,21.9
205.13,0,0.050325,20.727
205.13,2,0.044702,21.4
205.13,4.6667,0.033259,22.143
190.48,2,0.044702,21.4
210.53,4.6667,0.033259,22.143
238.81,1,0.011259,25.111
242.42,1,0.013058,23.583
235.29,1,0.01927,29.6
231.88,1,0.038538,18.667
238.81,1,0.056909,21.286
242.42,1.3333,0.081259,25.6
235.29,1.3333,0.061752,27.111
242.42,1.3333,0.039503,17.857
235.29,2,0.040468,19.25
228.57,2.6667,0.038988,21
216.22,1.6667,0.012251,25.4
228.57,0.66667,0.0066051,21.2
225.35,0.66667,0.010491,21.333
222.22,0.66667,0.010798,21.333
219.18,0.66667,0.010491,21.333
216.22,0.66667,0.010798,21.333
173.91,1,0.026625,26.286
175.82,4,0.016733,32.571
172.04,3.6667,0.022777,34
192.77,0.66667,0.020929,30.625
190.48,0.66667,0.02418,29.5
188.24,0.66667,0.010571,28.357
186.05,1,0.012796,28.636
183.91,1,0.0088048,26.375
188.24,0.33333,0.033774,22.143
186.05,0.33333,0.015676,23.125
186.05,1,0.014501,23.364
183.91,2,0.015886,24.077
179.78,1,0.014501,23.364
188.24,2,0.015886,24.077
192.77,2,0.02539,26.333
186.05,2,0.060217,28
179.78,2,0.060602,28.1
186.05,3,0.0020518,32.5
192.77,3.3333,0.0014921,31.5
179.78,1.3333,0.032758,24.667
188.24,0.33333,0.025649,27.75
188.24,1.3333,0.02622,27.4
186.05,1.6667,0.025847,28
179.78,1.3333,0.019491,30.8
175.82,2,0.01762,31
179.78,2.3333,0.0052415,31.125
188.24,1.6667,0.0021298,28.5
195.12,1,0.0019549,27.75
200,0.33333,0.0019845,26.375
197.53,0.33333,0.054213,21.375
197.53,1.6667,0.042989,21.75
195.12,2.6667,0.046463,21.625
186.05,1.3333,0.046828,21.25
177.78,0,0.022826,25
177.78,0,0.02024,23.8
177.78,0.33333,0.0031001,24.25
177.78,0.33333,0.01604,25.3
179.78,0,0.025197,25.25
179.78,2,0.030653,29.111
179.78,2.6667,0.026777,29.5
192.77,0.66667,0.0071981,24.111
197.53,0.33333,0.073696,20.091
197.53,0.66667,0.081929,20.467
195.12,1,0.092637,20.75
192.77,1.3333,0.096614,21.25
188.24,0.66667,0.094343,22
192.77,2.3333,0.015069,25.75
192.77,5.3333,0.015442,28
177.78,3.6667,0.022213,29
197.53,1,0.037826,20.778
192.77,0.33333,0.0097356,20.889
190.48,0.33333,0.011583,19.5
190.48,1,0.017103,18.75
188.24,2.6667,0,21
183.91,2,0.01177,16.909
197.53,3.3333,0.014524,31.875
197.53,7.3333,0.030975,30.222
175.82,4,0.074548,28.167
202.53,1,0.071908,29.833
202.53,2,0.02971,32.556
195.12,2.6667,0.014712,34.25
188.24,1.6667,0.020372,35.143
200,1.3333,0.022196,26
200,2.6667,0.054263,19.429
190.48,2.6667,0.046501,27.8
181.82,2.6667,0.030793,38
190.48,2,0,27
181.82,1.3333,0.057526,21.833
177.78,0.66667,0.03878,23.375
181.82,1.3333,0.057526,21.833
181.82,0.66667,0.03878,23.375
222.22,0,0.044916,17.714
222.22,0,0.038916,18.4
222.22,0,0.034914,18.333
222.22,0.33333,0.032486,19.091
222.22,0.33333,0.023385,19.625
219.18,2.3333,0.042213,20.625
219.18,3.6667,0.046601,21.5
242.42,1.3333,0.016946,34
228.57,1,0.0015415,25
228.57,1.3333,0.0017283,23.25
238.81,0.33333,0.00051906,25.25
235.29,0,0.071755,17.667
235.29,0.33333,0.059901,18.125
235.29,0.33333,0.061428,17.75
231.88,0.33333,0.054707,17.571
231.88,0.33333,0.036936,18.333
228.57,0,0.016607,19.3
228.57,0.33333,0.026647,20.1
228.57,1.3333,0.028613,22.444
225.35,1.3333,0.054916,25.5
235.29,1,0.026305,22.667
231.88,1,0.027395,20
225.35,0.66667,0.031608,18.818
222.22,0.33333,0.027277,18
219.18,0,0.013942,19.688
219.18,1.6667,0.012698,18.857
219.18,2.6667,0.024407,19.455
235.29,2.6667,0.0153,22.333
246.15,2,0.0099477,18.182
228.57,1.6667,0.013171,19.273
231.88,1.3333,0.081913,25.75
246.15,1.3333,0.0029209,32.5
246.15,2.6667,0.022779,21.889
231.88,2,0.0091199,27.143
246.15,1,0.026961,17.556
238.81,0.66667,0.028566,18.444
235.29,0.33333,0.027073,16.75
231.88,0,0.015841,17.727
231.88,0.33333,0.0064292,19
231.88,1.3333,0.0065158,18.75
228.57,2.6667,0.0059767,18.9
219.18,2,0.013353,18.1
235.29,0.66667,0.012581,27.8
238.81,0.66667,0.023992,22.4
242.42,0.33333,0.018814,22.125
246.15,0.33333,0.039825,22
246.15,0.66667,0.022364,22.417
242.42,0.33333,0.029922,19.538
238.81,0.66667,0.022364,22.417
238.81,0.33333,0.029922,19.538
166.67,0,0.025611,25.143
166.67,0.66667,0.02972,26.286
166.67,1,0.029681,26.375
170.21,0.33333,0.02081,28.429
168.42,1.6667,0.019684,28.333
168.42,3.6667,0.017579,28.636
160,4.6667,0.016995,29
170.21,3,0.044854,22
156.86,0.66667,0.050727,24.5
155.34,0.66667,0.068565,19.6
153.85,3.3333,0.073787,19.615
155.34,5,0.020552,27.5
170.21,2.6667,0.030729,36.333
181.82,3,0.025027,30.5
177.78,4.6667,0.047719,30.2
164.95,3,0.035173,30
177.78,1.3333,0.069713,34.2
181.82,1.6667,0.025416,21.25
177.78,1.6667,0.011814,17.625
172.04,1.6667,0.020022,17.556
175.82,1.6667,0.023644,17.4
181.82,4,0.036908,19
177.78,6.3333,0.05072,28.625
160,3.6667,0.030915,28.714
175.82,2.6667,0.035655,27.75
172.04,2,0.031208,27.857
161.62,0,0.015683,27
161.62,0.33333,0.013742,27.385
161.62,4.3333,0.029227,27
160,5,0.01685,27.444
181.82,2.3333,0.023348,21.933
175.82,2,0.014188,22.857
168.42,1.3333,0.016383,24
164.95,1.3333,0.031506,24.857
161.62,1.3333,0.016383,24
158.42,1.3333,0.031506,24.857
113.48,1,0,23
113.48,4,0.067894,19.5
111.11,3.6667,0.068933,29.5
104.58,1.3333,0.062685,27.2
103.23,1,0.048975,27.4
101.91,1,0.073345,25.333
101.27,2.6667,0.10352,21.571
102.56,6,0.1119,21.875
106.67,4,0.10563,21.143
115.94,0.66667,0.089577,20.8
115.94,1.3333,0.058432,20.333
117.65,4.3333,0.044952,29.143
119.4,4,0.02977,29
130.08,0.33333,0.048937,30.125
129.03,6.6667,0.056059,32.5
129.03,13,0.052825,27.75
111.11,7,0.0024892,29
128,1,0.068303,29.8
125.98,1.3333,0.067722,32.5
125,7.3333,0.065867,31.833
122.14,10.333,0.075595,31.667
106.67,9,0.050158,25
115.94,5,0.031788,33.667
104.58,0,0.030207,28.583
104.58,0,0.030732,24.4
104.58,0.66667,0.046177,23.3
104.58,1.3333,0.068444,29.667
103.23,1,0.079291,24.8
101.91,5.6667,0.067198,31.778
101.27,6.6667,0.05735,36.556
112.68,1.3333,0.022106,48.667
115.94,1.6667,0.0026769,60.5
115.94,1.3333,0.022106,48.667
120.3,1.6667,0.0026769,60.5
121.21,1.6667,0.1347,20.6
118.52,1.6667,0.14083,19.833
116.79,5.3333,0.13827,19.833
119.4,4.6667,0.0027457,40.333
132.23,1.3333,0.0012191,39
131.15,1.3333,0.0018863,41
134.45,0.66667,0.05167,34
133.33,0.66667,0.13404,28.4
134.45,1,0.11967,34.429
135.59,0.66667,0.11252,32.25
137.93,0,0.11939,32.8
137.93,0,0.099242,33.727
137.93,0.33333,0.10925,33.909
137.93,2,0.11103,35.125
136.75,2.6667,0.10337,32.6
131.15,1,0.021229,35.5
128,1.3333,0.026588,35.857
128,1.6667,0.013953,32.714
132.23,1.3333,0.024724,30.8
133.33,1.3333,0.14028,38.667
136.75,0.66667,0.0551,30.75
137.93,0.66667,0.11585,27.2
139.13,0.66667,0.12625,32.8
140.35,1.6667,0.13007,30.889
139.13,2.6667,0.142,33
134.45,2.3333,0.15043,32.375
130.08,2.3333,0.10452,27.333
126.98,2,0.077162,25.667
123.08,1,0.059304,29.875
121.21,1.3333,0.093273,32.7
120.3,1,0.081347,27.667
123.08,0,0.094249,29.167
123.08,0.33333,0.079977,30
123.08,1,0.059387,30.167
124.03,1.6667,0.043821,25.6
125.98,3.3333,0.019011,26
129.03,3,0.14423,30.875
136.75,0.66667,0.062125,28.429
139.13,0,0.14684,29.875
139.13,0,0.14391,32.875
139.13,1.6667,0.1386,33.857
139.13,1.6667,0.13574,36
133.33,0.33333,0.084394,20.25
133.33,0.66667,0.10719,23.111
132.23,1,0.094104,19.889
131.15,1.6667,0.095896,20.3
129.03,1.3333,0.14399,26.429
125.98,5.3333,0.10974,24
125,1.3333,0.14399,26.429
141.59,5.3333,0.10974,24
131.15,3.3333,0.079341,30
134.45,9.6667,0.017671,25.833
142.86,8,0.032173,20.75
119.4,0.66667,0.0096003,28.636
121.21,0.33333,0.026805,26.375
121.21,0.66667,0.039094,24.667
122.14,1,0.036389,27.143
123.08,1.3333,0.030225,24.727
125,1.6667,0.036392,26.231
126.98,1.6667,0.019753,25.778
130.08,1.3333,0.011707,29.357
132.23,1.3333,0.024617,30.563
134.45,1,0.012891,29.765
136.75,0.33333,0.010943,32.813
137.93,0,0.012898,33.786
137.93,1,0.017997,34.167
137.93,1.3333,0.02251,37.143
141.59,1,0.019513,25
140.35,1.6667,0.013967,25.167
137.93,1.3333,0.015329,25.4
134.45,1,0.081467,34.111
133.33,1,0.074761,34.333
131.15,0.66667,0.071715,33.273
130.08,3,0.073995,31.333
129.03,2.6667,0.080997,26.75
121.21,1,0.067419,26.333
121.21,1.3333,0.046309,34.5
118.52,1,0.067419,26.333
117.65,1.3333,0.046309,34.5
111.89,0,0.07941,26.2
111.89,1,0.082216,26.8
111.89,1.3333,0.059104,27.75
114.29,0.33333,0.085221,24
115.11,8.3333,0.058953,24.571
115.11,8.3333,0.042501,24.5
140.35,7,0.046735,21.125
140.35,14,0.06158,21.8
118.52,7,0.058486,38.25
140.35,0,0,26
140.35,0,0.063777,31.667
140.35,0,0.060306,22.6
140.35,0,0.041112,25.222
140.35,0,0.026087,24.417
140.35,2.6667,0.028541,22.25
140.35,2.6667,0.058563,22.6
131.15,0,0.058274,32.143
131.15,0.33333,0.068579,30.909
131.15,1,0.048847,31
130.08,1.3333,0.042996,20.75
128,1.3333,0.038345,28.167
125.98,5.6667,0.052727,27.222
124.03,5.6667,0.062937,31.8
140.35,1.6667,0.10268,32.8
137.93,2.6667,0.091511,35.333
134.45,4.3333,0.09062,35.286
129.03,5,0.090282,38.5
121.21,9.6667,0.10331,36.333
115.11,7.6667,0,24
136.75,1,0.10542,31.25
135.59,1.3333,0.10631,32.1
133.33,1,0.11622,33.25
131.15,0.33333,0.10017,32.857
132.23,0,0.070013,30.286
132.23,0.66667,0.12398,31.667
132.23,1.3333,0.1025,30.889
130.08,1,0.097174,29.167
128,1,0.14429,31.25
126.98,1.6667,0.15182,37.222
125,3,0.14146,39.75
122.14,3.6667,0.12638,36.8
116.79,7.6667,0.10028,35
112.68,7.3333,0,21
129.03,1.3333,0.079162,24
125,0,0.076114,34.5
125,0.33333,0.069365,33.5
125,1.6667,0.081488,35.25
124.03,2.6667,0.073924,36.857
120.3,2,0.062774,36
116.79,0.66667,0.045981,40.75
115.11,0.33333,0.10716,32
115.11,1,0.11425,26.25
114.29,1.3333,0.10974,25.667
112.68,5.6667,0.088736,29
111.11,5.3333,0.060214,25.25
124.03,0.66667,0.096711,41
125,0.33333,0.099848,38.286
125.98,0.33333,0.14118,37
125.98,0.66667,0.1488,36.7
126.98,0.66667,0.13686,39.9
128,0.66667,0.14019,39.7
129.03,0.66667,0.12867,37.333
128,0.66667,0.11609,36.714
129.03,1,0.12191,32.667
128,1.3333,0.090864,30
125.98,1.3333,0.12661,34
124.03,1.6667,0.11585,33.75
122.14,1.3333,0.077151,32.571
119.4,1,0.0056914,26.4
118.52,0.66667,0.010457,26.4
116.79,0,0.062042,26.4
116.79,0.33333,0.047267,26
116.79,0.66667,0.046052,24.4
115.94,0.33333,0.17297,22.857
116.79,0.33333,0.22423,22.571
116.79,0.33333,0.10838,36
117.65,0,0.099734,34.571
117.65,0.33333,0.15647,40.571
117.65,0.66667,0.16853,43.5
116.79,0.66667,0.13227,43.25
117.65,1.3333,0.042306,23
116.79,2,0.20661,22.333
114.29,1,0.20274,21.8
111.89,0,0.20671,21.571
111.89,0.33333,0.17141,21.429
111.89,0.33333,0.045491,39
111.11,0.33333,0.12083,21.25
111.11,0.33333,0.058349,32
111.89,0.33333,0.079806,25.889
111.89,0.33333,0.094495,25.3
111.11,0.33333,0.093596,26
111.11,3.6667,0.081455,24.857
111.89,6.6667,0.0014271,52.429
120.3,4,0.0011294,54.143
111.89,1,0,25
113.48,4,0.0011294,54.143
114.29,1,0,25
125.98,0.33333,0.20809,33.667
126.98,0,0.13137,23.5
126.98,0.33333,0.12941,24.4
126.98,0.66667,0.1748,28
125.98,1,0.16945,31.778
125,1.6667,0.17444,35.8
123.08,3,0.15558,34.714
120.3,4,0.13902,34
115.11,3,0.03118,34
120.3,2.3333,0.08034,27
123.08,2.3333,0.13117,31.4
126.98,2.6667,0.099773,31.833
130.08,2.3333,0.087506,33
135.59,2.6667,0.10411,32.889
137.93,8.6667,0.12481,28.75
131.15,13.333,0.119,28
112.68,9,0.020258,44.5
131.15,3,0.0070354,48.5
139.13,0.66667,0.10172,31.667
136.75,0.66667,0.12836,31.5
136.75,5,0.11972,34.889
139.13,5.3333,0.13973,34.455
125,1.6667,0,21
128,1,0.12745,30
125.98,0.66667,0.10425,33
125,0.33333,0.096828,34.556
125.98,4.6667,0.083519,32.571
125.98,5,0.10106,35.667
113.48,1,0.14268,26
114.29,1,0.12739,25.8
115.94,2,0.12831,25.6
115.11,4.3333,0.14731,26.2
111.11,7.3333,0.12077,24
117.65,7,0.0024893,43.5
131.15,2.3333,0,37
124.03,2,0.093415,37.5
124.03,2,0.043538,35.333
118.52,2.6667,0.078872,32.5
118.52,3.3333,0.012539,30.667
111.89,0.66667,0.04652,27.25
110.34,3.3333,0.066062,30.167
110.34,4,0.058226,31.625
118.52,3.3333,0.066062,30.167
120.3,4,0.058226,31.625
124.03,9,0.13511,19.5
125.98,9,0.061899,19
105.26,1.6667,0.11107,32.429
106.67,3.6667,0.087538,34.667
104.58,5.6667,0.11671,34.333
99.379,11.667,0.053555,30.75
105.26,9.3333,0.0072724,52
126.98,0.66667,0.099658,35.8
125,0.33333,0.11634,30
125,0.33333,0.14218,18.5
124.03,0,0.15027,17.833
124.03,0.33333,0.12176,25
124.03,4.6667,0.11419,25.429
123.08,4.3333,0.092966,29
111.89,0,0.065037,18
111.89,3.6667,0.00074263,30
111.89,10.333,0.0062544,49
103.9,11.667,0,67
119.4,7.3333,0.0013598,38.375
107.38,2.3333,0.0018239,34.143
112.68,0,0.13633,23.5
112.68,0.33333,0.1106,23
112.68,4.3333,0.11007,31.167
111.89,12,0.077939,42.2
103.23,9,0.084838,47.25
122.14,2.6667,0.077992,26.818
119.4,3,0.085483,34.714
115.11,6,0.10217,35.2
111.89,12.333,0.087499,37.778
124.03,8,0.086231,41.125
105.26,0.33333,0.013668,39
105.96,0.33333,0.094523,36.5
105.96,1,0.10665,39.833
105.26,4.3333,0.10016,43.857
103.9,5.6667,0.12318,40.5
111.89,4.3333,0.12627,37.25
107.38,2.3333,0.056512,29.667
102.56,0.66667,0.10912,42.667
102.56,2.3333,0.086521,37.125
101.27,3,0.05715,33.125
98.16,3.6667,0.067152,26.2
100.63,3.6667,0.069407,23.75
105.26,1.6667,0.064336,24.75
102.56,0.66667,0,20
101.91,1.3333,0.08001,19.333
101.27,1.3333,0.081754,26
99.379,2,0.083117,25.857
98.765,1.6667,0.075449,26.833
101.91,1.3333,0.06331,31.25
101.91,6,0.051225,31.667
99.379,5,0.09755,20
108.84,2,0.0074058,43
108.11,3.3333,0.060594,34.6
104.58,3,0.070817,32.833
101.27,2,0.078003,34
98.765,0.66667,0.062147,36.5
100,0.33333,0.07501,49
100,0.66667,0.075537,47.286
99.379,0.66667,0.09278,42.571
98.765,0.33333,0.09712,39
98.16,0,0.11264,34.667
98.16,0,0.085795,27.667
98.16,0,0.11264,34.667
98.16,0,0.085795,27.667
129.03,2.6667,0,26
128,3.6667,0.064769,29.5
121.21,1.6667,0.081991,27.8
117.65,2,0.091157,31.571
116.79,1.6667,0.086742,31.143
112.68,0.33333,0.068065,27.143
112.68,1,0.047953,21
113.48,1.6667,0.051524,28.375
115.11,1.6667,0.053165,33.625
117.65,2,0.069388,30.571
119.4,2.6667,0.044228,35.333
123.08,2.3333,0.033302,35.769
126.98,2,0.048218,35.357
130.08,2.3333,0.13001,32
126.98,2.3333,0.092811,32
123.08,2,0.087221,33
120.3,1.6667,0.055666,28.167
117.65,1.3333,0.037545,27.667
115.94,1.6667,0.077633,27.5
114.29,3.6667,0.091734,32
111.89,5,0.1014,30
105.96,2.3333,0.090243,23.5
111.11,1.3333,0.022363,31
111.11,2,0.072362,21
108.11,1.3333,0.052051,28.5
106.67,1,0.040768,30.125
105.26,0.66667,0.03527,30.1
104.58,0.66667,0.053705,32.308
103.9,1,0.050829,32.923
103.23,1,0.047064,29.308
101.91,0.33333,0.038471,28.545
101.27,0.66667,0.025536,27.2
101.27,1,0.027178,29.25
102.56,9,0.13581,32
101.91,10,0.11805,38.5
122.14,2,0.10563,33.429
125.98,1,0.10287,37.1
128,2,0.075838,36
129.03,2.3333,0.08144,35.714
124.03,2,0.0050657,50
122.14,2.3333,0.10473,31.5
118.52,2.3333,0.10815,32.625
115.94,2.3333,0.080294,32.25
112.68,1.3333,0.074398,30.571
110.34,0.66667,0.035506,28.4
109.59,0.66667,0.036753,22.75
108.84,0.66667,0.060914,22.8
108.11,1,0.05172,22.8
107.38,1,0.064993,23.167
105.96,0.66667,0.06437,24
105.26,0.33333,0.06201,26
105.96,0.33333,0.09395,35.286
105.96,1.6667,0.12141,34.857
105.26,1.3333,0.11318,34.286
108.11,0,0.13811,28.857
108.11,2.6667,0.089136,30.833
108.11,4,0.087172,28.571
114.29,2.3333,0,24
111.11,1.6667,0.099237,24
108.84,1.6667,0.10093,26.5
107.38,1.3333,0.11554,32.429
105.26,0.66667,0.074104,28.667
104.58,0.33333,0.072766,28.5
103.9,0.66667,0.046987,26.6
103.9,1,0.047328,22.5
102.56,11,0.061877,23.75
103.23,21,0.05766,38
130.08,11.333,0.0015302,33.25
103.9,21,0.05766,38
101.91,11.333,0.0015302,33.25
126.98,0.33333,0.024669,28.8
128,0.33333,0.04805,27.333
128,0.66667,0.040081,25.333
129.03,1.6667,0.11087,23.5
130.08,1.6667,0.083135,24.75
134.45,0.66667,0.074588,25.4
135.59,8.6667,0.064468,26.6
134.45,17.667,0.089614,26.2
111.11,10.333,0.012007,48.667
137.93,2,0.044437,23.5
134.45,1.6667,0.017103,23.8
131.15,1.3333,0.025271,23.833
129.03,1.6667,0.02319,24.2
126.98,3,0.03624,24.4
124.03,3.3333,0.038593,24
118.52,1.6667,0.049014,23.5
115.11,0.66667,0.056126,26.75
115.94,0.33333,0.068186,28.444
116.79,0,0.086229,26.545
116.79,0.33333,0.092299,23.818
116.79,2,0.089471,23.375
115.94,2.3333,0.069767,21
120.3,1,0.074939,30.25
122.14,0.66667,0.082849,32.714
123.08,0.66667,0.087058,34.75
122.14,2.3333,0.09207,35.125
121.21,2,0.076775,34.167
126.98,0,0.082574,39.5
126.98,1,0.09043,37.286
126.98,2.3333,0.10116,40.125
124.03,2.6667,0.09702,40.333
120.3,2.3333,0.10055,37.2
124.03,1.6667,0.10346,35.667
121.21,2,0.098545,33.833
119.4,8.6667,0.068574,37.6
115.94,8,0.04977,38.667
137.93,1.6667,0.061115,31
135.59,2.3333,0.07069,31.333
132.23,1.6667,0.07673,33.75
128,4,0.0768,41
126.98,4,0.093889,43.4
116.79,0.66667,0.062484,21
115.94,1.3333,0.038964,23.75
115.11,4,0.038897,23.75
117.65,3.6667,0.053893,24.6
125.98,1.6667,0.071106,36.364
124.03,1.6667,0.065821,33.333
121.21,1,0.06124,32.714
119.4,0.66667,0.073968,31.2
118.52,0.66667,0.034168,33.75
117.65,0.66667,0.02011,33.143
116.79,0.66667,0.027908,32
115.94,1,0.055872,22.75
115.11,1,0.050884,23.5
116.79,2,0.027689,31.8
117.65,2.3333,0.014091,27.167
113.48,1,0.017789,31.5
111.89,1,0.0091247,28.5
111.11,1.3333,0.047796,32.875
109.59,2,0.033697,30.444
111.11,1.3333,0.036279,51.571
114.29,0.33333,0.030406,43.556
114.29,0.33333,0,22
115.11,0,0.030301,21.25
115.11,0.33333,0.034955,25.429
115.11,1.3333,0.04981,24.556
115.94,1.6667,0.031681,25
118.52,1,0.044698,28.286
120.3,1,0.030239,20.2
121.21,1.3333,0.037195,19.333
123.08,1.6667,0.044209,19
125,1.3333,0.06107,29.125
128,1.6667,0.059446,33.667
126.98,2.6667,0.057724,38
123.08,2.3333,0.056966,37.2
119.4,4.3333,0.040595,38
122.14,3.6667,0.024765,38.5
132.23,0.33333,0.0118,35.5
133.33,1,0.027176,32.333
133.33,1.6667,0.034997,33.8
130.08,3,0.034936,33.8
128,2.6667,0.052227,33.6
135.59,0.66667,0.059967,31
136.75,0.66667,0.06456,30.667
137.93,1,0.053578,33.857
136.75,3,0.053011,35.833
134.45,6.3333,0.035205,31
126.98,10.667,0.055307,39
115.94,6.6667,0.0067357,45
135.59,0.33333,0.065161,41.75
135.59,0.66667,0.015298,30.714
134.45,0.66667,0.016536,32
135.59,0.33333,0.030866,33.625
134.45,0.33333,0.012637,26.5
134.45,0.66667,0.025826,33.625
133.33,0.33333,0.023929,33.688
132.23,0,0.011799,30.353
132.23,0.33333,0.02257,33.438
132.23,0.66667,0.010059,30.071
133.33,0.33333,0.0097304,25.643
134.45,0,0.023844,32.938
134.45,0,0.023298,30
134.45,0.66667,0.024426,22.333
134.45,1,0.033364,23
136.75,0.66667,0.0233,23
137.93,0.66667,0.015083,24
136.75,1,0.01095,23.8
135.59,4.6667,0.035171,24
133.33,4,0.076231,23.6
121.21,1,0.043014,31.4
121.21,1.6667,0.024761,26.667
118.52,1.3333,0.039626,50.5
120.3,0.66667,0.041238,50.25
118.52,0.33333,0.036524,47.556
118.52,0.66667,0.019852,42.273
119.4,0.66667,0.009595,38.455
120.3,0.66667,0.024744,37.231
121.21,0.66667,0.010751,32.857
122.14,0.33333,0.019603,34.267
123.08,0,0.013196,22.875
123.08,3,0.010079,23
123.08,6.6667,0.011654,22.333
132.23,4.6667,0.076981,28.5
121.21,6.6667,0.011654,22.333
124.03,4.6667,0.076981,28.5
128,5.6667,0.049732,28.5
116.79,8.3333,0.049734,28.5
112.68,13.333,0.0018616,34.333
131.15,9.6667,0.076476,38.75
112.68,6.3333,0.02962,38
120.3,4.6667,0.045781,28.6
130.08,1.3333,0.067198,29.375
134.45,0,0.054801,33.222
134.45,0.33333,0.043462,33.455
134.45,1,0.047504,33.273
133.33,4.6667,0.042155,34.222
131.15,4.3333,0.044675,34.286
119.4,1,0.096219,35.167
118.52,1,0.085793,33.714
116.79,0.66667,0.064648,33.286
115.94,0.33333,0.032552,30.167
115.11,0.33333,0.028526,31.8
115.11,1.3333,0.044776,32.2
114.29,8.3333,0.083418,38.6
111.89,7.3333,0.062839,36.667
132.23,0,0.10312,32.5
132.23,2,0.13175,31
132.23,2,0.082194,33.222
139.13,1,0.078238,38.417
139.13,1.6667,0.050211,22.286
135.59,1.6667,0.06602,22.429
133.33,1.3333,0.062668,22.875
130.08,1,0.032005,24
129.03,0.66667,0.021642,24.6
126.98,0,0,23
126.98,0.33333,0.074772,37
126.98,1,0.081659,26.6
125.98,1,0.070203,24.571
124.03,0.33333,0.072792,19.889
123.08,0,0.035158,25.333
123.08,0,0.032587,24.222
123.08,0.66667,0.054928,25.667
123.08,0.66667,0.085292,30.75
125,0.33333,0.052423,25.4
125,0.66667,0.059436,25
124.03,0.33333,0.013871,25.6
123.08,0.33333,0.0055808,25.8
123.08,1,0.0054518,25.8
124.03,1.3333,0.041957,23.5
122.14,1,0.053334,22.143
120.3,4,0.063724,20.667
119.4,5.3333,0.062483,20
130.08,2,0.0041069,33.25
125,1.3333,0.0060131,34.5
124.03,1.6667,0,36
121.21,0.66667,0.050452,47.4
119.4,0,0.030366,39.5
119.4,0.33333,0.028284,33.571
119.4,0.66667,0.01663,36.462
118.52,0.66667,0.035764,35.692
117.65,0.33333,0.021937,31.5
116.79,0,0.020801,32.833
116.79,0,0,22
116.79,0,0.009774,24.182
116.79,0,0.016734,24.182
116.79,0.33333,0.02908,24.182
116.79,1.6667,0.035955,27.8
115.94,2,0.050024,32.833
112.68,1,0.060994,33.333
111.11,0.33333,0.069094,36
111.89,0,0.064823,31
111.89,0,0.093727,21.4
111.89,0,0.045273,26.833
111.89,0,0.045535,30.25
111.89,5.3333,0.058328,35.4
111.89,6.3333,0.066235,32.6
125.98,4,0.047351,21.333
129.03,12.667,0.012388,43
139.13,10.667,0.0015819,36
111.11,1.3333,0.052861,30.25
113.48,0.66667,0.047799,28.2
112.68,1.3333,0.052861,30.25
111.89,0.66667,0.047799,28.2
131.15,3.6667,0.05697,30.75
131.15,4.6667,0.057851,30.75
144.14,1.6667,0,20
140.35,0.66667,0.019966,32.333
142.86,0.33333,0.010088,37.2
142.86,0.66667,0.061246,26.75
141.59,1,0.064017,33.667
140.35,1.6667,0.05296,32.286
137.93,1.3333,0.052349,34.333
134.45,1,0.085042,38.75
135.59,0.66667,0.071464,31.833
137.93,0.66667,0.071607,31.833
137.93,1.3333,0.07029,31.667
140.35,0.66667,0.04244,24.75
142.86,0,0.033014,23.3
142.86,3.6667,0.021412,35.333
142.86,3.6667,0.0041118,30
130.08,4.3333,0.0023257,19
130.08,4.3333,0.0023257,19
145.45,0.33333,0.0627,29.857
145.45,0.33333,0.026488,23.231
144.14,0,0.02069,22
144.14,0,0.031844,22
144.14,0,0.048144,28.2
144.14,0.33333,0.031267,29.733
144.14,0.33333,0.035835,31.714
142.86,0.33333,0.061468,35.636
142.86,0.66667,0.028709,30.556
144.14,0.66667,0.081153,30.667
142.86,3.3333,0.010706,24.667
141.59,3.3333,0.064526,24.667
131.15,0.66667,0.051307,35
130.08,1.3333,0.079752,36
129.03,2.3333,0.090028,37.222
125.98,2,0.089694,37
130.08,1,0.056274,29.75
132.23,0.33333,0.052634,36.333
133.33,0,0.061501,33.125
133.33,0.33333,0.065363,33.9
133.33,0.66667,0.069377,37.3
132.23,1,0.088468,36.364
131.15,1.6667,0.093137,38
129.03,1.6667,0.094086,33.333
125.98,2.6667,0.088866,35.8
124.03,2,0.076506,34.667
130.08,0,0.063731,26
130.08,0,0.065991,30.25
130.08,0.33333,0.060585,33
130.08,0.66667,0.0484,32.625
129.03,3,0.054765,33.5
128,4,0.055374,33.6
120.3,2,0.071984,31.5
116.79,3,0.10491,28.571
118.52,3.3333,0.11219,29.333
125,1.6667,0.093954,27.333
122.14,1,0.085381,27.111
120.3,1,0.063131,31
119.4,1,0.064822,31
117.65,1,0.036768,30.308
116.79,2,0.053321,32.5
118.52,2,0.17663,38.375
122.14,1,0.032873,24.2
124.03,0.66667,0.067279,30.167
125,2,0.083614,30.833
124.03,0.66667,0.067279,30.167
119.4,2,0.083614,30.833
135.59,0.66667,0.052131,31.167
136.75,0.33333,0.04731,32.111
137.93,0.66667,0.042745,32.111
137.93,2,0.040496,30.25
140.35,3,0.0369,29.375
145.45,3.3333,0.047901,29.875
152.38,3,0.055306,26.7
145.45,1.6667,0.027967,23.875
150.94,0.33333,0.051012,20.333
152.38,0,0.069641,20.8
152.38,0.33333,0.065376,25.077
152.38,5,0.055857,29.9
150.94,8.6667,0.06449,33.8
133.33,4.3333,0.031661,29.714
148.15,1.6667,0.0096504,32.25
146.79,2.6667,0.059961,27.667
141.59,3.6667,0.12179,30.2
136.75,5.6667,0.12496,30.444
129.03,3.3333,0.11655,28.222
140.35,0.33333,0.0212,22
140.35,0.66667,0.09757,18
139.13,0.66667,0.03867,31.571
137.93,0.66667,0.081893,31.889
136.75,0.33333,0.084605,28.556
135.59,0.66667,0.03078,25.286
135.59,1.3333,0.023573,20.455
137.93,1.3333,0.010679,22.846
140.35,1,0.0074557,22.923
142.86,0.66667,0.025215,26.714
144.14,0.66667,0.023591,24.4
145.45,1,0.050954,28.714
146.79,2.3333,0.031222,28.8
149.53,2,0.032046,29.1
142.86,0.66667,0.031328,28
144.14,0.66667,0.052309,29.25
142.86,2.6667,0.092064,27.75
141.59,2.6667,0.083529,31.125
150.94,0.66667,0.060553,28.375
149.53,1,0.055253,28.091
148.15,1.6667,0.061767,28.273
145.45,1,0.066621,28.556
141.59,0,0.062933,29.571
141.59,2,0.071876,31
141.59,7.3333,0.014045,30.333
149.53,2,0.071876,31
130.08,7.3333,0.014045,30.333
202.53,1,0.057306,21.714
197.53,0.66667,0.045664,21.909
195.12,0.33333,0.055315,22
192.77,0.33333,0.07174,22.875
192.77,0.33333,0.072206,23.188
190.48,0.33333,0.065867,23.625
190.48,0.33333,0.05231,24.857
188.24,1,0.051687,25.083
188.24,2.3333,0.094191,23.167
195.12,3,0.10647,22.357
205.13,3,0.089103,21.667
192.77,1.6667,0.032004,21.538
202.53,0.66667,0.021775,22.071
200,0.33333,0.014866,22.714
197.53,0,0.034805,26
197.53,0.66667,0.0034277,34.25
197.53,1.3333,0.0051046,35
192.77,1.6667,0.0094871,35.125
188.24,1.6667,0.012994,35.333
181.82,0.66667,0.021627,35.375
186.05,0,0.0029418,25
186.05,0.33333,0,24
186.05,0,0.0029418,25
183.91,0.33333,0,24
192.77,3,0.06167,22.667
202.53,1.6667,0.041779,21.4
216.22,1,0.068914,21
216.22,3.3333,0.1184,22.818
207.79,2.3333,0.12431,24.143
190.48,3,0.085267,28
190.48,4.6667,0.1393,37.5
213.33,3.3333,0.18823,26.667
200,4.6667,0.070621,25
188.24,3.3333,0.11577,32.667
210.53,0.66667,0.033352,39.167
207.79,0.33333,0.083281,19.5
205.13,0.33333,0.062553,21.923
205.13,0.66667,0.086287,22.286
202.53,2.3333,0.089201,22.933
200,2,0.099242,25.818
216.22,0.66667,0.025347,31.875
216.22,1.3333,0.066823,23.333
210.53,1.3333,0.055862,23.571
205.13,1.3333,0.06472,23
200,1.3333,0.055862,23.571
195.12,1.3333,0.06472,23
168.42,0.33333,0.029764,23.143
166.67,0.33333,0.051453,24
166.67,0.33333,0.018309,23.5
168.42,0.33333,0.0061025,23.875
168.42,0.33333,0.033104,24.429
170.21,0.33333,0.053766,27.25
170.21,0.33333,0.012247,24.5
172.04,0,0.015012,24.625
172.04,0.33333,0.016232,24.5
172.04,2,0.019884,24.286
170.21,2.3333,0.022338,24.2
179.78,1.3333,0.071021,33.143
175.82,1.3333,0.06176,31.545
172.04,1,0.030955,30
168.42,0.66667,0.04824,31
166.67,0.33333,0.054424,31.357
164.95,0.33333,0.035921,29.917
164.95,0.33333,0.05051,31.727
163.27,1.3333,0.020156,29.769
163.27,5,0.017892,30.182
156.86,4.6667,0.0155,31.875
175.82,1.6667,0.046944,33.333
181.82,2,0.057266,25.6
177.78,1.6667,0.051675,26.571
170.21,2,0.026813,29
168.42,3,0.028633,38.25
160,1.3333,0.032151,36.833
153.85,2,0.060355,37.125
153.85,2,0.0073129,26.8
163.27,0.33333,0.060942,28.889
163.27,1,0.074076,26.385
161.62,1.3333,0.075165,26.538
158.42,1,0.074076,26.385
155.34,1.3333,0.075165,26.538
200,0.66667,0.058158,22.545
